,Iteration,Time,Fitness,use_fast_mimic,Population Size,Keep Percent,max_iters
0,0,0.007277765998878749,528.0,True,200,0.1,512
1,1,0.052513890997943236,541.0,True,200,0.1,512
2,2,0.1000627049979812,561.0,True,200,0.1,512
3,3,0.1472902739988058,587.0,True,200,0.1,512
4,4,0.18944793799892068,607.0,True,200,0.1,512
5,5,0.23737324099784018,612.0,True,200,0.1,512
6,6,0.2800260980002349,617.0,True,200,0.1,512
7,7,0.3207627039992076,619.0,True,200,0.1,512
8,8,0.3613335169975471,621.0,True,200,0.1,512
9,9,0.4082382669985236,621.0,True,200,0.1,512
10,10,0.44152507099715876,621.0,True,200,0.1,512
11,11,0.4863751089978905,621.0,True,200,0.1,512
12,12,0.530424527998548,621.0,True,200,0.1,512
13,13,0.6149982919996546,621.0,True,200,0.1,512
14,14,0.7003259679986513,621.0,True,200,0.1,512
15,15,0.7852053469978273,621.0,True,200,0.1,512
16,16,0.870470153997303,621.0,True,200,0.1,512
17,17,0.9598790909985837,621.0,True,200,0.1,512
18,18,1.0447686609986704,621.0,True,200,0.1,512
19,19,1.13008767899737,621.0,True,200,0.1,512
20,20,1.2159506030002376,621.0,True,200,0.1,512
21,21,1.3012153300005593,621.0,True,200,0.1,512
22,22,1.3862951070004783,621.0,True,200,0.1,512
23,23,1.471304192997195,621.0,True,200,0.1,512
24,24,1.5562050329972408,621.0,True,200,0.1,512
25,25,1.6424626209991402,621.0,True,200,0.1,512
26,26,1.7273585820003063,621.0,True,200,0.1,512
27,27,1.812206102997152,621.0,True,200,0.1,512
28,28,1.8971912919987517,621.0,True,200,0.1,512
29,29,1.982044282998686,621.0,True,200,0.1,512
30,30,2.067472236998583,621.0,True,200,0.1,512
31,31,2.1536672879992693,621.0,True,200,0.1,512
32,32,2.2392567159986356,621.0,True,200,0.1,512
33,33,2.330376507998153,621.0,True,200,0.1,512
34,34,2.417000055000244,621.0,True,200,0.1,512
35,35,2.503222155999538,621.0,True,200,0.1,512
36,36,2.5891380899993237,621.0,True,200,0.1,512
37,37,2.67505664899727,621.0,True,200,0.1,512
38,38,2.76024051299828,621.0,True,200,0.1,512
39,39,2.84554077699795,621.0,True,200,0.1,512
40,40,2.9308558589982567,621.0,True,200,0.1,512
41,41,3.016242704998149,621.0,True,200,0.1,512
42,42,3.1013976449976326,621.0,True,200,0.1,512
43,43,3.1864690279981005,621.0,True,200,0.1,512
44,44,3.2714086619998852,621.0,True,200,0.1,512
45,45,3.3569369750002807,621.0,True,200,0.1,512
46,46,3.4426685019971046,621.0,True,200,0.1,512
47,47,3.5281520409989753,621.0,True,200,0.1,512
48,48,3.6137273739986995,621.0,True,200,0.1,512
49,49,3.709959990999778,621.0,True,200,0.1,512
50,50,3.8064093879984284,621.0,True,200,0.1,512
51,51,3.9028866769986053,621.0,True,200,0.1,512
52,52,3.9966004269990663,621.0,True,200,0.1,512
53,53,4.093460567997681,621.0,True,200,0.1,512
54,54,4.190291323000565,621.0,True,200,0.1,512
55,55,4.287339597998653,621.0,True,200,0.1,512
56,56,4.384191152999847,621.0,True,200,0.1,512
57,57,4.481064658997639,621.0,True,200,0.1,512
58,58,4.577737305997289,621.0,True,200,0.1,512
59,59,4.674699728999258,518.0,True,200,0.25,512
60,60,0.007554808002169011,549.0,True,200,0.25,512
61,61,0.06475486199997249,549.0,True,200,0.25,512
62,62,0.12583034000272164,572.0,True,200,0.25,512
63,63,0.18697290400086786,575.0,True,200,0.25,512
64,64,0.24343784300072002,591.0,True,200,0.25,512
65,65,0.3052055760017538,601.0,True,200,0.25,512
66,66,0.3620490380017145,630.0,True,200,0.25,512
67,67,0.4180626960005611,630.0,True,200,0.25,512
68,68,0.4736587260013039,631.0,True,200,0.25,512
69,69,0.5349472260022594,643.0,True,200,0.25,512
70,70,0.5903360869997414,652.0,True,200,0.25,512
71,71,0.6436035789993184,652.0,True,200,0.25,512
72,72,0.6962093040019681,652.0,True,200,0.25,512
73,73,0.7504474859997572,654.0,True,200,0.25,512
74,74,0.8010629400014295,661.0,True,200,0.25,512
75,75,0.8501638199995796,663.0,True,200,0.25,512
76,76,0.8991350350006542,663.0,True,200,0.25,512
77,77,0.9544397870013199,665.0,True,200,0.25,512
78,78,1.003186239002389,665.0,True,200,0.25,512
79,79,1.0532076630006486,666.0,True,200,0.25,512
80,80,1.1032788320007967,666.0,True,200,0.25,512
81,81,1.1532653200010827,666.0,True,200,0.25,512
82,82,1.2010118380021595,666.0,True,200,0.25,512
83,83,1.249220105000859,666.0,True,200,0.25,512
84,84,1.3059727660001954,666.0,True,200,0.25,512
85,85,1.4018202280021796,666.0,True,200,0.25,512
86,86,1.4984818049997557,666.0,True,200,0.25,512
87,87,1.5952133640021202,666.0,True,200,0.25,512
88,88,1.691752209000697,666.0,True,200,0.25,512
89,89,1.7955863140014117,666.0,True,200,0.25,512
90,90,1.8944075310027984,666.0,True,200,0.25,512
91,91,1.9912415920007334,666.0,True,200,0.25,512
92,92,2.0878581239994674,666.0,True,200,0.25,512
93,93,2.190018904999306,666.0,True,200,0.25,512
94,94,2.2864291180012515,666.0,True,200,0.25,512
95,95,2.383078230999672,666.0,True,200,0.25,512
96,96,2.479788009000913,666.0,True,200,0.25,512
97,97,2.5763334370021767,666.0,True,200,0.25,512
98,98,2.673391651002021,666.0,True,200,0.25,512
99,99,2.77078756300034,666.0,True,200,0.25,512
100,100,2.8683588040003087,666.0,True,200,0.25,512
101,101,2.96566955399976,666.0,True,200,0.25,512
102,102,3.0627998640011356,666.0,True,200,0.25,512
103,103,3.159176514000137,666.0,True,200,0.25,512
104,104,3.256298128002527,666.0,True,200,0.25,512
105,105,3.3539749490009854,666.0,True,200,0.25,512
106,106,3.451440711000032,666.0,True,200,0.25,512
107,107,3.5492570550013625,666.0,True,200,0.25,512
108,108,3.6470518070018443,666.0,True,200,0.25,512
109,109,3.7446704890026012,666.0,True,200,0.25,512
110,110,3.842951828002697,666.0,True,200,0.25,512
111,111,3.939494762002141,666.0,True,200,0.25,512
112,112,4.036453217999224,666.0,True,200,0.25,512
113,113,4.1329078750022745,666.0,True,200,0.25,512
114,114,4.230740769002296,666.0,True,200,0.25,512
115,115,4.3279311840015,666.0,True,200,0.25,512
116,116,4.428179960999842,666.0,True,200,0.25,512
117,117,4.518624642001669,666.0,True,200,0.25,512
118,118,4.61160751600255,666.0,True,200,0.25,512
119,119,4.714956607000204,666.0,True,200,0.25,512
120,120,4.812405458000285,666.0,True,200,0.25,512
121,121,4.911477707999438,666.0,True,200,0.25,512
122,122,5.010456482999871,666.0,True,200,0.25,512
123,123,5.109003894001944,666.0,True,200,0.25,512
124,124,5.206862207000086,666.0,True,200,0.25,512
125,125,5.316536760001327,666.0,True,200,0.25,512
126,126,5.4162216350014205,666.0,True,200,0.25,512
127,127,5.501488657002483,666.0,True,200,0.25,512
128,128,5.58646750600019,666.0,True,200,0.25,512
129,129,5.682097339002212,666.0,True,200,0.25,512
130,130,5.7705238060007105,499.0,True,200,0.5,512
131,131,5.867692298001202,517.0,True,200,0.5,512
132,132,0.00810809099857579,540.0,True,200,0.5,512
133,133,0.08750947799853748,560.0,True,200,0.5,512
134,134,0.16732792100083316,587.0,True,200,0.5,512
135,135,0.24621225399823743,587.0,True,200,0.5,512
136,136,0.3233367700013332,587.0,True,200,0.5,512
137,137,0.4038815029998659,587.0,True,200,0.5,512
138,138,0.4774486339993018,596.0,True,200,0.5,512
139,139,0.5477746869983093,596.0,True,200,0.5,512
140,140,0.6186329629999818,605.0,True,200,0.5,512
141,141,0.7074712959984026,609.0,True,200,0.5,512
142,142,0.7842285400001856,609.0,True,200,0.5,512
143,143,0.8583216029983305,633.0,True,200,0.5,512
144,144,0.9291628870014392,633.0,True,200,0.5,512
145,145,1.0047059829994396,633.0,True,200,0.5,512
146,146,1.0796102140011499,633.0,True,200,0.5,512
147,147,1.1505420889989182,644.0,True,200,0.5,512
148,148,1.2217157800005225,644.0,True,200,0.5,512
149,149,1.3006011840006977,644.0,True,200,0.5,512
150,150,1.3759033259993885,644.0,True,200,0.5,512
151,151,1.4499172799987718,649.0,True,200,0.5,512
152,152,1.5209323419985594,663.0,True,200,0.5,512
153,153,1.5899795039986202,663.0,True,200,0.5,512
154,154,1.6579009160013811,663.0,True,200,0.5,512
155,155,1.72599899999841,663.0,True,200,0.5,512
156,156,1.7955121609993512,663.0,True,200,0.5,512
157,157,1.8633412179988227,663.0,True,200,0.5,512
158,158,1.930271672001254,663.0,True,200,0.5,512
159,159,1.9962243219997617,667.0,True,200,0.5,512
160,160,2.0560535520016856,668.0,True,200,0.5,512
161,161,2.121752936000121,669.0,True,200,0.5,512
162,162,2.1866006829986873,670.0,True,200,0.5,512
163,163,2.25083708999955,670.0,True,200,0.5,512
164,164,2.3159122059987567,671.0,True,200,0.5,512
165,165,2.3896560309985944,675.0,True,200,0.5,512
166,166,2.4529110879993823,675.0,True,200,0.5,512
167,167,2.5168960000009974,675.0,True,200,0.5,512
168,168,2.5804932120008743,676.0,True,200,0.5,512
169,169,2.6433664389987825,676.0,True,200,0.5,512
170,170,2.7060690440011967,676.0,True,200,0.5,512
171,171,2.767645736999839,677.0,True,200,0.5,512
172,172,2.830130852998991,678.0,True,200,0.5,512
173,173,2.891625632000796,678.0,True,200,0.5,512
174,174,2.9582767889987736,678.0,True,200,0.5,512
175,175,3.01938211399829,678.0,True,200,0.5,512
176,176,3.079551114999049,678.0,True,200,0.5,512
177,177,3.1335208310010785,678.0,True,200,0.5,512
178,178,3.188048127998627,678.0,True,200,0.5,512
179,179,3.2566831250005635,678.0,True,200,0.5,512
180,180,3.3117633549991297,678.0,True,200,0.5,512
181,181,3.3748034560012456,678.0,True,200,0.5,512
182,182,3.4573284709986183,678.0,True,200,0.5,512
183,183,3.539337442998658,678.0,True,200,0.5,512
184,184,3.621623447001184,678.0,True,200,0.5,512
185,185,3.7036162789991067,678.0,True,200,0.5,512
186,186,3.786088684999413,678.0,True,200,0.5,512
187,187,3.871425599001668,678.0,True,200,0.5,512
188,188,3.9560495000005176,678.0,True,200,0.5,512
189,189,4.04331985799945,678.0,True,200,0.5,512
190,190,4.127324902998225,678.0,True,200,0.5,512
191,191,4.221552712999255,678.0,True,200,0.5,512
192,192,4.307750359999773,678.0,True,200,0.5,512
193,193,4.389167196000926,678.0,True,200,0.5,512
194,194,4.4790409410015855,678.0,True,200,0.5,512
195,195,4.561192692999612,678.0,True,200,0.5,512
196,196,4.643349504000071,678.0,True,200,0.5,512
197,197,4.732846569000685,678.0,True,200,0.5,512
198,198,4.815060517001257,678.0,True,200,0.5,512
199,199,4.896676148000552,678.0,True,200,0.5,512
200,200,4.985293596000702,678.0,True,200,0.5,512
201,201,5.0682415980008955,678.0,True,200,0.5,512
202,202,5.158974242000113,678.0,True,200,0.5,512
203,203,5.240876933999971,678.0,True,200,0.5,512
204,204,5.3226882240014675,678.0,True,200,0.5,512
205,205,5.404300107999006,678.0,True,200,0.5,512
206,206,5.486122799000441,678.0,True,200,0.5,512
207,207,5.571930882000743,678.0,True,200,0.5,512
208,208,5.654228108000098,678.0,True,200,0.5,512
209,209,5.739277460001176,678.0,True,200,0.5,512
210,210,5.822314028999244,678.0,True,200,0.5,512
211,211,5.91372634399886,678.0,True,200,0.5,512
212,212,5.9958917619987915,678.0,True,200,0.5,512
213,213,6.078043844001513,678.0,True,200,0.5,512
214,214,6.1603597450011875,678.0,True,200,0.5,512
215,215,6.242099148999841,678.0,True,200,0.5,512
216,216,6.3239860809990205,678.0,True,200,0.5,512
217,217,6.405716549001227,678.0,True,200,0.5,512
218,218,6.4876232290007465,678.0,True,200,0.5,512
219,219,6.569518807998975,678.0,True,200,0.5,512
220,220,6.65131946800102,678.0,True,200,0.5,512
221,221,6.7330116240009374,678.0,True,200,0.5,512
222,222,6.815148017001775,678.0,True,200,0.5,512
223,223,6.896955388998322,499.0,True,200,0.75,512
224,224,6.978701405998436,509.0,True,200,0.75,512
225,225,7.061127994998969,509.0,True,200,0.75,512
226,226,0.007031802997516934,511.0,True,200,0.75,512
227,227,0.09226188599859597,568.0,True,200,0.75,512
228,228,0.17481765899719903,568.0,True,200,0.75,512
229,229,0.25779843399868696,568.0,True,200,0.75,512
230,230,0.33379239999703714,568.0,True,200,0.75,512
231,231,0.4156337969980086,568.0,True,200,0.75,512
232,232,0.49200424299851875,568.0,True,200,0.75,512
233,233,0.5670927519968245,568.0,True,200,0.75,512
234,234,0.6420887779968325,568.0,True,200,0.75,512
235,235,0.7239306449992,568.0,True,200,0.75,512
236,236,0.7994345779989089,568.0,True,200,0.75,512
237,237,0.8749379189976025,568.0,True,200,0.75,512
238,238,0.950569391996396,575.0,True,200,0.75,512
239,239,1.0269252309990407,575.0,True,200,0.75,512
240,240,1.1070280609965266,575.0,True,200,0.75,512
241,241,1.1829350129992235,579.0,True,200,0.75,512
242,242,1.258960979997937,579.0,True,200,0.75,512
243,243,1.351318466997327,589.0,True,200,0.75,512
244,244,1.4469524989981437,603.0,True,200,0.75,512
245,245,1.538399198998377,603.0,True,200,0.75,512
246,246,1.6248687189981865,604.0,True,200,0.75,512
247,247,1.7094068579972372,604.0,True,200,0.75,512
248,248,1.792209486997308,604.0,True,200,0.75,512
249,249,1.8829866949999996,604.0,True,200,0.75,512
250,250,1.970577197997045,617.0,True,200,0.75,512
251,251,2.0524517869998817,617.0,True,200,0.75,512
252,252,2.1308542329970805,621.0,True,200,0.75,512
253,253,2.2180762809985026,621.0,True,200,0.75,512
254,254,2.3072714069967333,626.0,True,200,0.75,512
255,255,2.3915929489994596,626.0,True,200,0.75,512
256,256,2.4752830899997207,626.0,True,200,0.75,512
257,257,2.5510015379986726,626.0,True,200,0.75,512
258,258,2.6355784709994623,627.0,True,200,0.75,512
259,259,2.7282508009993762,627.0,True,200,0.75,512
260,260,2.8176325489985174,627.0,True,200,0.75,512
261,261,2.901928412997222,631.0,True,200,0.75,512
262,262,2.9885223769997538,631.0,True,200,0.75,512
263,263,3.072871510998084,631.0,True,200,0.75,512
264,264,3.156773250997503,636.0,True,200,0.75,512
265,265,3.239541915998416,636.0,True,200,0.75,512
266,266,3.3146916309997323,638.0,True,200,0.75,512
267,267,3.389666266997665,638.0,True,200,0.75,512
268,268,3.464333572999749,645.0,True,200,0.75,512
269,269,3.5391795559989987,645.0,True,200,0.75,512
270,270,3.6143802069964295,645.0,True,200,0.75,512
271,271,3.6883650069976284,645.0,True,200,0.75,512
272,272,3.763154623997252,645.0,True,200,0.75,512
273,273,3.8370957909974095,645.0,True,200,0.75,512
274,274,3.9121676299982937,647.0,True,200,0.75,512
275,275,3.9905055739982345,652.0,True,200,0.75,512
276,276,4.07186302899936,652.0,True,200,0.75,512
277,277,4.146098521996464,652.0,True,200,0.75,512
278,278,4.219908762999694,652.0,True,200,0.75,512
279,279,4.294483243997092,652.0,True,200,0.75,512
280,280,4.36942714199904,653.0,True,200,0.75,512
281,281,4.443615955999121,654.0,True,200,0.75,512
282,282,4.51804810899921,654.0,True,200,0.75,512
283,283,4.5916320139986055,659.0,True,200,0.75,512
284,284,4.668553428997257,659.0,True,200,0.75,512
285,285,4.742288336998172,659.0,True,200,0.75,512
286,286,4.822865210997406,659.0,True,200,0.75,512
287,287,4.905942818997573,659.0,True,200,0.75,512
288,288,4.988392902996566,659.0,True,200,0.75,512
289,289,5.070414780999272,659.0,True,200,0.75,512
290,290,5.1439283629988495,659.0,True,200,0.75,512
291,291,5.231959146000008,660.0,True,200,0.75,512
292,292,5.306722062996414,661.0,True,200,0.75,512
293,293,5.380389393998485,661.0,True,200,0.75,512
294,294,5.453669225997146,661.0,True,200,0.75,512
295,295,5.526864968996961,661.0,True,200,0.75,512
296,296,5.594920884999738,661.0,True,200,0.75,512
297,297,5.664757997998095,661.0,True,200,0.75,512
298,298,5.733640791997459,661.0,True,200,0.75,512
299,299,5.804144299996551,661.0,True,200,0.75,512
300,300,5.872690229996806,661.0,True,200,0.75,512
301,301,5.942877341996791,661.0,True,200,0.75,512
302,302,6.011410387996875,661.0,True,200,0.75,512
303,303,6.0790363929991145,661.0,True,200,0.75,512
304,304,6.152652798999043,661.0,True,200,0.75,512
305,305,6.223477181996714,661.0,True,200,0.75,512
306,306,6.293854262999957,661.0,True,200,0.75,512
307,307,6.371625449999556,661.0,True,200,0.75,512
308,308,6.4536734169996635,661.0,True,200,0.75,512
309,309,6.519333376996656,661.0,True,200,0.75,512
310,310,6.597185405997152,661.0,True,200,0.75,512
311,311,6.6763292889991135,661.0,True,200,0.75,512
312,312,6.761558952999621,661.0,True,200,0.75,512
313,313,6.8433184969981085,661.0,True,200,0.75,512
314,314,6.925243150999449,661.0,True,200,0.75,512
315,315,7.006931880998309,661.0,True,200,0.75,512
316,316,7.0922767009979,661.0,True,200,0.75,512
317,317,7.174401763997594,661.0,True,200,0.75,512
318,318,7.256180483997014,661.0,True,200,0.75,512
319,319,7.338068478999048,661.0,True,200,0.75,512
320,320,7.4199847579984635,661.0,True,200,0.75,512
321,321,7.501833739999711,661.0,True,200,0.75,512
322,322,7.58333121999749,661.0,True,200,0.75,512
323,323,7.664966488999198,661.0,True,200,0.75,512
324,324,7.746731212999293,661.0,True,200,0.75,512
325,325,7.82837316399673,661.0,True,200,0.75,512
326,326,7.910167383997759,661.0,True,200,0.75,512
327,327,7.992057252999075,661.0,True,200,0.75,512
328,328,8.08101878999878,661.0,True,200,0.75,512
329,329,8.16299112499837,661.0,True,200,0.75,512
330,330,8.24482988699674,661.0,True,200,0.75,512
331,331,8.32663767199847,661.0,True,200,0.75,512
332,332,8.408654619997833,661.0,True,200,0.75,512
333,333,8.490995078998822,661.0,True,200,0.75,512
334,334,8.57375499799673,661.0,True,200,0.75,512
335,335,8.663987390998955,661.0,True,200,0.75,512
336,336,8.757340765998379,661.0,True,200,0.75,512
337,337,8.851368781997735,661.0,True,200,0.75,512
338,338,8.946455152999988,661.0,True,200,0.75,512
339,339,9.042832917999476,661.0,True,200,0.75,512
340,340,9.13497617199755,661.0,True,200,0.75,512
341,341,9.216903441996692,661.0,True,200,0.75,512
342,342,9.305475013999967,661.0,True,200,0.75,512
343,343,9.399930245999712,526.0,True,250,0.1,512
344,344,9.49431703799928,548.0,True,250,0.1,512
345,345,9.588737132999086,581.0,True,250,0.1,512
346,346,9.683194558998366,592.0,True,250,0.1,512
347,347,0.00944924999930663,609.0,True,250,0.1,512
348,348,0.06170401499912259,623.0,True,250,0.1,512
349,349,0.12088178900012281,636.0,True,250,0.1,512
350,350,0.18169728899738402,638.0,True,250,0.1,512
351,351,0.23010626599716488,641.0,True,250,0.1,512
352,352,0.28910641499896883,645.0,True,250,0.1,512
353,353,0.336668235999241,645.0,True,250,0.1,512
354,354,0.37710443699688767,645.0,True,250,0.1,512
355,355,0.41583158599678427,645.0,True,250,0.1,512
356,356,0.46283409299940104,645.0,True,250,0.1,512
357,357,0.5001691090001259,645.0,True,250,0.1,512
358,358,0.5374107089992322,645.0,True,250,0.1,512
359,359,0.5756240099981369,645.0,True,250,0.1,512
360,360,0.6453953799973533,645.0,True,250,0.1,512
361,361,0.7509627349973016,645.0,True,250,0.1,512
362,362,0.8767671509995125,645.0,True,250,0.1,512
363,363,0.9951890729971637,645.0,True,250,0.1,512
364,364,1.1126385529969411,645.0,True,250,0.1,512
365,365,1.2157944129976386,645.0,True,250,0.1,512
366,366,1.317033569997875,645.0,True,250,0.1,512
367,367,1.4282540999993216,645.0,True,250,0.1,512
368,368,1.5376931020000484,645.0,True,250,0.1,512
369,369,1.6456340709992219,645.0,True,250,0.1,512
370,370,1.7532192089965974,645.0,True,250,0.1,512
371,371,1.8721543389983708,645.0,True,250,0.1,512
372,372,1.9801314559990715,645.0,True,250,0.1,512
373,373,2.0873978929994337,645.0,True,250,0.1,512
374,374,2.191316640997684,645.0,True,250,0.1,512
375,375,2.295117706999008,645.0,True,250,0.1,512
376,376,2.4035171099967556,645.0,True,250,0.1,512
377,377,2.5173690099982196,645.0,True,250,0.1,512
378,378,2.6176443509975797,645.0,True,250,0.1,512
379,379,2.7196453839969763,645.0,True,250,0.1,512
380,380,2.8294831279999926,645.0,True,250,0.1,512
381,381,2.9385125989974767,645.0,True,250,0.1,512
382,382,3.0437511039999663,645.0,True,250,0.1,512
383,383,3.1484887459992024,645.0,True,250,0.1,512
384,384,3.252433191999444,645.0,True,250,0.1,512
385,385,3.3536586049995094,645.0,True,250,0.1,512
386,386,3.4657121439995535,645.0,True,250,0.1,512
387,387,3.5719452049997926,645.0,True,250,0.1,512
388,388,3.6753673469975183,645.0,True,250,0.1,512
389,389,3.7773940689985466,645.0,True,250,0.1,512
390,390,3.8776122229974135,645.0,True,250,0.1,512
391,391,3.980268971998157,645.0,True,250,0.1,512
392,392,4.080533092997939,645.0,True,250,0.1,512
393,393,4.181434794998495,645.0,True,250,0.1,512
394,394,4.2817533779998485,645.0,True,250,0.1,512
395,395,4.382441847999871,645.0,True,250,0.1,512
396,396,4.482470564998948,645.0,True,250,0.1,512
397,397,4.582353496996802,645.0,True,250,0.1,512
398,398,4.682478714999888,645.0,True,250,0.1,512
399,399,4.782643828999426,645.0,True,250,0.1,512
400,400,4.882428656997945,645.0,True,250,0.1,512
401,401,4.9826942999970925,645.0,True,250,0.1,512
402,402,5.0826206839992665,645.0,True,250,0.1,512
403,403,5.182411662997765,523.0,True,250,0.25,512
404,404,5.282518827996682,538.0,True,250,0.25,512
405,405,5.38276883099752,576.0,True,250,0.25,512
406,406,5.49746817799678,576.0,True,250,0.25,512
407,407,5.5988076659996295,601.0,True,250,0.25,512
408,408,0.009500666998064844,606.0,True,250,0.25,512
409,409,0.07155901999794878,620.0,True,250,0.25,512
410,410,0.14182329899995239,634.0,True,250,0.25,512
411,411,0.2122189449983125,634.0,True,250,0.25,512
412,412,0.27325572299741907,640.0,True,250,0.25,512
413,413,0.3432616860009148,651.0,True,250,0.25,512
414,414,0.4052102309979091,656.0,True,250,0.25,512
415,415,0.46631307400093647,659.0,True,250,0.25,512
416,416,0.5272709130003932,661.0,True,250,0.25,512
417,417,0.5930367340006342,670.0,True,250,0.25,512
418,418,0.6471983230003389,670.0,True,250,0.25,512
419,419,0.6999987179988238,674.0,True,250,0.25,512
420,420,0.7518294849978702,674.0,True,250,0.25,512
421,421,0.8050250039996172,676.0,True,250,0.25,512
422,422,0.8619109989995195,678.0,True,250,0.25,512
423,423,0.918746788000135,678.0,True,250,0.25,512
424,424,0.974346068000159,678.0,True,250,0.25,512
425,425,1.0403031789974193,678.0,True,250,0.25,512
426,426,1.0938785239995923,679.0,True,250,0.25,512
427,427,1.151042512999993,680.0,True,250,0.25,512
428,428,1.2041721889982,680.0,True,250,0.25,512
429,429,1.259490858999925,680.0,True,250,0.25,512
430,430,1.314966205998644,680.0,True,250,0.25,512
431,431,1.3670821599989722,680.0,True,250,0.25,512
432,432,1.4206385190009314,680.0,True,250,0.25,512
433,433,1.471790425999643,680.0,True,250,0.25,512
434,434,1.525308213000244,680.0,True,250,0.25,512
435,435,1.5757518760001403,680.0,True,250,0.25,512
436,436,1.6455138589990383,680.0,True,250,0.25,512
437,437,1.7022530459980771,680.0,True,250,0.25,512
438,438,1.803113140998903,680.0,True,250,0.25,512
439,439,1.9131550499987497,680.0,True,250,0.25,512
440,440,2.027052345998527,680.0,True,250,0.25,512
441,441,2.151774272999319,680.0,True,250,0.25,512
442,442,2.271269991000736,680.0,True,250,0.25,512
443,443,2.386075186997914,680.0,True,250,0.25,512
444,444,2.5016488729997945,680.0,True,250,0.25,512
445,445,2.617792613000347,680.0,True,250,0.25,512
446,446,2.73427636300039,680.0,True,250,0.25,512
447,447,2.849867932000052,680.0,True,250,0.25,512
448,448,2.965412572997593,680.0,True,250,0.25,512
449,449,3.0803336190001573,680.0,True,250,0.25,512
450,450,3.194869868999376,680.0,True,250,0.25,512
451,451,3.309704151000915,680.0,True,250,0.25,512
452,452,3.4248758489993634,680.0,True,250,0.25,512
453,453,3.5396170649983105,680.0,True,250,0.25,512
454,454,3.6544035769984475,680.0,True,250,0.25,512
455,455,3.7697399459975713,680.0,True,250,0.25,512
456,456,3.885226837999653,680.0,True,250,0.25,512
457,457,4.000754025997594,680.0,True,250,0.25,512
458,458,4.1168344159996195,681.0,True,250,0.25,512
459,459,4.232128835999902,681.0,True,250,0.25,512
460,460,4.3468709439985105,681.0,True,250,0.25,512
461,461,4.45114427199951,681.0,True,250,0.25,512
462,462,4.563121819999651,681.0,True,250,0.25,512
463,463,4.620793055000831,681.0,True,250,0.25,512
464,464,4.675465888998588,681.0,True,250,0.25,512
465,465,4.783678941999824,681.0,True,250,0.25,512
466,466,4.898099574998923,681.0,True,250,0.25,512
467,467,5.008881038000254,681.0,True,250,0.25,512
468,468,5.119973528999253,681.0,True,250,0.25,512
469,469,5.229178571000375,681.0,True,250,0.25,512
470,470,5.3395203559994115,681.0,True,250,0.25,512
471,471,5.4490250739982,681.0,True,250,0.25,512
472,472,5.559090006998304,681.0,True,250,0.25,512
473,473,5.679574508998485,681.0,True,250,0.25,512
474,474,5.78973884899824,681.0,True,250,0.25,512
475,475,5.900705732998176,681.0,True,250,0.25,512
476,476,6.01120753899886,681.0,True,250,0.25,512
477,477,6.12161609100076,681.0,True,250,0.25,512
478,478,6.230311723000341,681.0,True,250,0.25,512
479,479,6.301087607000227,681.0,True,250,0.25,512
480,480,6.411575116999302,681.0,True,250,0.25,512
481,481,6.52146478099894,681.0,True,250,0.25,512
482,482,6.630569132998062,681.0,True,250,0.25,512
483,483,6.728635281997413,681.0,True,250,0.25,512
484,484,6.83836152799995,681.0,True,250,0.25,512
485,485,6.948818680997647,681.0,True,250,0.25,512
486,486,7.058985225998185,681.0,True,250,0.25,512
487,487,7.1620177359982335,681.0,True,250,0.25,512
488,488,7.273288301999855,681.0,True,250,0.25,512
489,489,7.382359351999185,681.0,True,250,0.25,512
490,490,7.491103896998538,681.0,True,250,0.25,512
491,491,7.600271478997456,681.0,True,250,0.25,512
492,492,7.709177990000171,681.0,True,250,0.25,512
493,493,7.817907886998,681.0,True,250,0.25,512
494,494,7.927390113000001,681.0,True,250,0.25,512
495,495,8.023651079998672,681.0,True,250,0.25,512
496,496,8.119858475998626,681.0,True,250,0.25,512
497,497,8.21645361300034,681.0,True,250,0.25,512
498,498,8.31624432299941,681.0,True,250,0.25,512
499,499,8.424627026000962,681.0,True,250,0.25,512
500,500,8.532964162997814,681.0,True,250,0.25,512
501,501,8.641087918000267,681.0,True,250,0.25,512
502,502,8.748951813999156,681.0,True,250,0.25,512
503,503,8.857931171998644,681.0,True,250,0.25,512
504,504,8.966265954997652,681.0,True,250,0.25,512
505,505,9.0741910359975,681.0,True,250,0.25,512
506,506,9.183115280000493,681.0,True,250,0.25,512
507,507,9.291607560000557,681.0,True,250,0.25,512
508,508,9.399754278998444,681.0,True,250,0.25,512
509,509,9.509531900999718,513.0,True,250,0.5,512
510,510,9.617842488998576,517.0,True,250,0.5,512
511,511,9.726338044998556,531.0,True,250,0.5,512
512,512,9.835034169998835,554.0,True,250,0.5,512
513,513,9.943316192999191,554.0,True,250,0.5,512
514,514,10.051383351998084,580.0,True,250,0.5,512
515,515,0.00961888900201302,580.0,True,250,0.5,512
516,516,0.09319719199993415,580.0,True,250,0.5,512
517,517,0.18118442600098206,595.0,True,250,0.5,512
518,518,0.2703543180032284,600.0,True,250,0.5,512
519,519,0.34925795100207324,600.0,True,250,0.5,512
520,520,0.4381294209997577,619.0,True,250,0.5,512
521,521,0.5168497190024937,619.0,True,250,0.5,512
522,522,0.5954092440006207,619.0,True,250,0.5,512
523,523,0.6746718440008408,619.0,True,250,0.5,512
524,524,0.7644279310006823,619.0,True,250,0.5,512
525,525,0.8426969980027934,634.0,True,250,0.5,512
526,526,0.9225003570027184,634.0,True,250,0.5,512
527,527,1.0014019560003362,640.0,True,250,0.5,512
528,528,1.0797507640018011,646.0,True,250,0.5,512
529,529,1.1581815560020914,646.0,True,250,0.5,512
530,530,1.2367030189998331,656.0,True,250,0.5,512
531,531,1.3152389390015742,657.0,True,250,0.5,512
532,532,1.4046129070011375,657.0,True,250,0.5,512
533,533,1.48349789400163,659.0,True,250,0.5,512
534,534,1.5625607880028838,662.0,True,250,0.5,512
535,535,1.6425188089997391,670.0,True,250,0.5,512
536,536,1.7212925170024391,670.0,True,250,0.5,512
537,537,1.8001243140024599,672.0,True,250,0.5,512
538,538,1.8807082050007011,672.0,True,250,0.5,512
539,539,1.9587244960021053,672.0,True,250,0.5,512
540,540,2.0380582600009802,672.0,True,250,0.5,512
541,541,2.114913362001971,673.0,True,250,0.5,512
542,542,2.1919638230028795,673.0,True,250,0.5,512
543,543,2.2686748539999826,673.0,True,250,0.5,512
544,544,2.343738330000633,674.0,True,250,0.5,512
545,545,2.4205738050004584,675.0,True,250,0.5,512
546,546,2.4952949560029083,678.0,True,250,0.5,512
547,547,2.5694215250005072,678.0,True,250,0.5,512
548,548,2.655278685000667,678.0,True,250,0.5,512
549,549,2.7298729060021287,678.0,True,250,0.5,512
550,550,2.8038532200007467,679.0,True,250,0.5,512
551,551,2.8775928300019586,679.0,True,250,0.5,512
552,552,2.953228755002783,681.0,True,250,0.5,512
553,553,3.031371865999972,681.0,True,250,0.5,512
554,554,3.1038606780020928,681.0,True,250,0.5,512
555,555,3.175628222001251,682.0,True,250,0.5,512
556,556,3.2510063310000987,682.0,True,250,0.5,512
557,557,3.3234046430006856,682.0,True,250,0.5,512
558,558,3.398992147001991,682.0,True,250,0.5,512
559,559,3.4684291280027537,682.0,True,250,0.5,512
560,560,3.5383650600015244,682.0,True,250,0.5,512
561,561,3.6117079030009336,682.0,True,250,0.5,512
562,562,3.6767641970000113,682.0,True,250,0.5,512
563,563,3.743430847000127,682.0,True,250,0.5,512
564,564,3.8122632190024888,682.0,True,250,0.5,512
565,565,3.8806328880018555,682.0,True,250,0.5,512
566,566,3.9426995080029883,682.0,True,250,0.5,512
567,567,4.034947503001604,682.0,True,250,0.5,512
568,568,4.1297970400009945,682.0,True,250,0.5,512
569,569,4.23303888600276,682.0,True,250,0.5,512
570,570,4.338316047000262,682.0,True,250,0.5,512
571,571,4.434413798000605,682.0,True,250,0.5,512
572,572,4.530848172002152,682.0,True,250,0.5,512
573,573,4.634859868001513,682.0,True,250,0.5,512
574,574,4.736002747002203,682.0,True,250,0.5,512
575,575,4.836528814001213,682.0,True,250,0.5,512
576,576,4.937250199000118,682.0,True,250,0.5,512
577,577,5.038138648000313,682.0,True,250,0.5,512
578,578,5.138938621003035,682.0,True,250,0.5,512
579,579,5.239415064002969,682.0,True,250,0.5,512
580,580,5.350134283002262,682.0,True,250,0.5,512
581,581,5.450654938002117,682.0,True,250,0.5,512
582,582,5.551065327003016,682.0,True,250,0.5,512
583,583,5.651705498999945,682.0,True,250,0.5,512
584,584,5.752296178001416,682.0,True,250,0.5,512
585,585,5.84138692200213,682.0,True,250,0.5,512
586,586,5.941940570002771,682.0,True,250,0.5,512
587,587,6.042568329001369,682.0,True,250,0.5,512
588,588,6.143347573000938,682.0,True,250,0.5,512
589,589,6.2436198410032375,682.0,True,250,0.5,512
590,590,6.3437797270016745,682.0,True,250,0.5,512
591,591,6.443999207000161,682.0,True,250,0.5,512
592,592,6.544304357001238,682.0,True,250,0.5,512
593,593,6.644655164000142,682.0,True,250,0.5,512
594,594,6.747620037000161,682.0,True,250,0.5,512
595,595,6.848025677001715,682.0,True,250,0.5,512
596,596,6.94825898199997,682.0,True,250,0.5,512
597,597,7.0487292440011515,682.0,True,250,0.5,512
598,598,7.148771750002197,682.0,True,250,0.5,512
599,599,7.249122787001397,682.0,True,250,0.5,512
600,600,7.3495479240009445,682.0,True,250,0.5,512
601,601,7.450125137002033,682.0,True,250,0.5,512
602,602,7.5502877380022255,682.0,True,250,0.5,512
603,603,7.650731781002833,682.0,True,250,0.5,512
604,604,7.751339261001704,682.0,True,250,0.5,512
605,605,7.8516684170026565,682.0,True,250,0.5,512
606,606,7.952104094001697,502.0,True,250,0.75,512
607,607,8.052485288000753,510.0,True,250,0.75,512
608,608,8.118451629001356,530.0,True,250,0.75,512
609,609,8.214699923002627,530.0,True,250,0.75,512
610,610,8.31011462600145,530.0,True,250,0.75,512
611,611,8.406280125000194,535.0,True,250,0.75,512
612,612,8.501723943001707,557.0,True,250,0.75,512
613,613,0.00887165099993581,557.0,True,250,0.75,512
614,614,0.10474842499752413,557.0,True,250,0.75,512
615,615,0.2015322989973356,557.0,True,250,0.75,512
616,616,0.2974002079972706,568.0,True,250,0.75,512
617,617,0.38362911799777066,568.0,True,250,0.75,512
618,618,0.47961238299831166,568.0,True,250,0.75,512
619,619,0.5653402099997038,576.0,True,250,0.75,512
620,620,0.6505193809971388,576.0,True,250,0.75,512
621,621,0.7365618699986953,576.0,True,250,0.75,512
622,622,0.832275477998337,580.0,True,250,0.75,512
623,623,0.9179208179994021,581.0,True,250,0.75,512
624,624,1.0035977080005978,581.0,True,250,0.75,512
625,625,1.0894273369995062,586.0,True,250,0.75,512
626,626,1.1749025959979917,607.0,True,250,0.75,512
627,627,1.2604070819979825,607.0,True,250,0.75,512
628,628,1.3458759099994495,607.0,True,250,0.75,512
629,629,1.4316813619989261,607.0,True,250,0.75,512
630,630,1.528974726999877,607.0,True,250,0.75,512
631,631,1.6148264759976882,607.0,True,250,0.75,512
632,632,1.7006938359991182,618.0,True,250,0.75,512
633,633,1.7867254649972892,621.0,True,250,0.75,512
634,634,1.8748974079971958,623.0,True,250,0.75,512
635,635,1.9719529840003815,623.0,True,250,0.75,512
636,636,2.0651864469982684,630.0,True,250,0.75,512
637,637,2.1592233129995293,630.0,True,250,0.75,512
638,638,2.254153353998845,630.0,True,250,0.75,512
639,639,2.356101981997199,630.0,True,250,0.75,512
640,640,2.4630960109971056,633.0,True,250,0.75,512
641,641,2.5704195399994205,634.0,True,250,0.75,512
642,642,2.6766795740004454,641.0,True,250,0.75,512
643,643,2.783031041999493,641.0,True,250,0.75,512
644,644,2.8870160579972435,641.0,True,250,0.75,512
645,645,2.992622059999121,641.0,True,250,0.75,512
646,646,3.1106576889978896,641.0,True,250,0.75,512
647,647,3.2184980219972203,641.0,True,250,0.75,512
648,648,3.3227420179973706,641.0,True,250,0.75,512
649,649,3.426159523998649,641.0,True,250,0.75,512
650,650,3.5194662059984694,646.0,True,250,0.75,512
651,651,3.622226724997745,647.0,True,250,0.75,512
652,652,3.7209037379980145,647.0,True,250,0.75,512
653,653,3.828134511997632,647.0,True,250,0.75,512
654,654,3.9365461119996326,647.0,True,250,0.75,512
655,655,4.043255524000415,649.0,True,250,0.75,512
656,656,4.14651077599774,649.0,True,250,0.75,512
657,657,4.24941056699754,653.0,True,250,0.75,512
658,658,4.340619744998548,659.0,True,250,0.75,512
659,659,4.431742338998447,659.0,True,250,0.75,512
660,660,4.522698810000293,659.0,True,250,0.75,512
661,661,4.612700292000227,659.0,True,250,0.75,512
662,662,4.701681570997607,659.0,True,250,0.75,512
663,663,4.7914510349983175,659.0,True,250,0.75,512
664,664,4.886042307000025,659.0,True,250,0.75,512
665,665,4.984029228999134,661.0,True,250,0.75,512
666,666,5.080844612999499,661.0,True,250,0.75,512
667,667,5.18218378399979,661.0,True,250,0.75,512
668,668,5.282289438997395,661.0,True,250,0.75,512
669,669,5.370842140997411,662.0,True,250,0.75,512
670,670,5.460974769997847,662.0,True,250,0.75,512
671,671,5.548994946999301,663.0,True,250,0.75,512
672,672,5.638127381000231,663.0,True,250,0.75,512
673,673,5.727235809998092,664.0,True,250,0.75,512
674,674,5.814901197998552,664.0,True,250,0.75,512
675,675,5.902894644998014,666.0,True,250,0.75,512
676,676,5.997685202997673,667.0,True,250,0.75,512
677,677,6.093438554999011,667.0,True,250,0.75,512
678,678,6.204279413999757,667.0,True,250,0.75,512
679,679,6.305007523998938,668.0,True,250,0.75,512
680,680,6.413219196998398,668.0,True,250,0.75,512
681,681,6.5284623129991814,668.0,True,250,0.75,512
682,682,6.628815104999376,668.0,True,250,0.75,512
683,683,6.730669676999241,669.0,True,250,0.75,512
684,684,6.832187293999596,669.0,True,250,0.75,512
685,685,6.929972235997411,669.0,True,250,0.75,512
686,686,7.032545181999012,670.0,True,250,0.75,512
687,687,7.129022408997116,670.0,True,250,0.75,512
688,688,7.222968685000524,670.0,True,250,0.75,512
689,689,7.308730728000228,670.0,True,250,0.75,512
690,690,7.394538804997865,672.0,True,250,0.75,512
691,691,7.481331839997438,672.0,True,250,0.75,512
692,692,7.56835285499983,672.0,True,250,0.75,512
693,693,7.655898206998245,672.0,True,250,0.75,512
694,694,7.744108513998071,672.0,True,250,0.75,512
695,695,7.830894914997771,672.0,True,250,0.75,512
696,696,7.917018948999612,672.0,True,250,0.75,512
697,697,8.01263110599757,672.0,True,250,0.75,512
698,698,8.115161420999357,672.0,True,250,0.75,512
699,699,8.215050278999115,672.0,True,250,0.75,512
700,700,8.301405948997854,672.0,True,250,0.75,512
701,701,8.392220363999513,672.0,True,250,0.75,512
702,702,8.479452775998652,672.0,True,250,0.75,512
703,703,8.573089379999146,672.0,True,250,0.75,512
704,704,8.67279043400049,672.0,True,250,0.75,512
705,705,8.778403619999153,672.0,True,250,0.75,512
706,706,8.878374060997885,672.0,True,250,0.75,512
707,707,8.981224610997742,672.0,True,250,0.75,512
708,708,9.076225945998885,672.0,True,250,0.75,512
709,709,9.174735283999325,672.0,True,250,0.75,512
710,710,9.283049190999009,672.0,True,250,0.75,512
711,711,9.394857223000145,672.0,True,250,0.75,512
712,712,9.478274675999273,672.0,True,250,0.75,512
713,713,9.573866564998752,672.0,True,250,0.75,512
714,714,9.672924245998729,672.0,True,250,0.75,512
715,715,9.773265936997632,672.0,True,250,0.75,512
716,716,9.882520536997617,672.0,True,250,0.75,512
717,717,9.983421982000436,672.0,True,250,0.75,512
718,718,10.092724081998313,672.0,True,250,0.75,512
719,719,10.200341986997955,672.0,True,250,0.75,512
720,720,10.301823436999257,672.0,True,250,0.75,512
721,721,10.405133281998133,672.0,True,250,0.75,512
722,722,10.506268869998166,672.0,True,250,0.75,512
723,723,10.60739398700025,672.0,True,250,0.75,512
724,724,10.708390712999972,672.0,True,250,0.75,512
725,725,10.810248401998251,672.0,True,250,0.75,512
726,726,10.911517821998132,672.0,True,250,0.75,512
727,727,11.013139594997483,672.0,True,250,0.75,512
728,728,11.114410357997258,672.0,True,250,0.75,512
729,729,11.216039615999762,672.0,True,250,0.75,512
730,730,11.317194068997196,672.0,True,250,0.75,512
731,731,11.41821147399969,672.0,True,250,0.75,512
732,732,11.518993354999111,672.0,True,250,0.75,512
733,733,11.620205167000677,672.0,True,250,0.75,512
734,734,11.721121381000557,672.0,True,250,0.75,512
735,735,11.821776622997277,672.0,True,250,0.75,512
736,736,11.922787094998057,672.0,True,250,0.75,512
737,737,12.023717775999103,672.0,True,250,0.75,512
738,738,12.124446557998453,672.0,True,250,0.75,512
739,739,12.2101598679983,672.0,True,250,0.75,512
740,740,12.294820413997513,672.0,True,250,0.75,512
741,741,12.392457477999415,533.0,True,750,0.1,512
742,742,12.500528886997927,572.0,True,750,0.1,512
743,743,12.5968857379994,592.0,True,750,0.1,512
744,744,12.69321181199848,609.0,True,750,0.1,512
745,745,12.789432184999896,636.0,True,750,0.1,512
746,746,12.88578176199735,646.0,True,750,0.1,512
747,747,12.981869816998369,657.0,True,750,0.1,512
748,748,13.078385147000517,667.0,True,750,0.1,512
749,749,0.02654582299874164,677.0,True,750,0.1,512
750,750,0.09781786399980774,678.0,True,750,0.1,512
751,751,0.18006603399771848,683.0,True,750,0.1,512
752,752,0.25847078999868245,686.0,True,750,0.1,512
753,753,0.32436963399959495,687.0,True,750,0.1,512
754,754,0.4026189369978965,688.0,True,750,0.1,512
755,755,0.4681851440000173,688.0,True,750,0.1,512
756,756,0.5362097459983488,688.0,True,750,0.1,512
757,757,0.6019100459998299,690.0,True,750,0.1,512
758,758,0.6784275139980309,690.0,True,750,0.1,512
759,759,0.7420382960008283,690.0,True,750,0.1,512
760,760,0.8051063659986539,690.0,True,750,0.1,512
761,761,0.8672366770006192,690.0,True,750,0.1,512
762,762,0.9312705669981369,690.0,True,750,0.1,512
763,763,0.992044842998439,690.0,True,750,0.1,512
764,764,1.0534268139999767,690.0,True,750,0.1,512
765,765,1.1150511929990898,690.0,True,750,0.1,512
766,766,1.182802018000075,690.0,True,750,0.1,512
767,767,1.248881261999486,690.0,True,750,0.1,512
768,768,1.305429482999898,690.0,True,750,0.1,512
769,769,1.3662207909983408,690.0,True,750,0.1,512
770,770,1.4285233579976193,690.0,True,750,0.1,512
771,771,1.5073682729998836,690.0,True,750,0.1,512
772,772,1.7651723560011305,690.0,True,750,0.1,512
773,773,2.054310337000061,690.0,True,750,0.1,512
774,774,2.35159544400085,690.0,True,750,0.1,512
775,775,2.6519414499998675,690.0,True,750,0.1,512
776,776,2.9352755719992274,690.0,True,750,0.1,512
777,777,3.2396953469979053,690.0,True,750,0.1,512
778,778,3.538454843001091,690.0,True,750,0.1,512
779,779,3.7993262679992768,690.0,True,750,0.1,512
780,780,4.0968891289994644,690.0,True,750,0.1,512
781,781,4.359377691998816,690.0,True,750,0.1,512
782,782,4.651883292001003,690.0,True,750,0.1,512
783,783,4.945579395000095,690.0,True,750,0.1,512
784,784,5.238378657999419,690.0,True,750,0.1,512
785,785,5.4951706459978595,690.0,True,750,0.1,512
786,786,5.751237116000993,690.0,True,750,0.1,512
787,787,6.007012497000687,690.0,True,750,0.1,512
788,788,6.296121896000841,690.0,True,750,0.1,512
789,789,6.551549642001191,690.0,True,750,0.1,512
790,790,6.807397861997742,690.0,True,750,0.1,512
791,791,7.066046367999661,690.0,True,750,0.1,512
792,792,7.359593561999645,690.0,True,750,0.1,512
793,793,7.653730367001117,690.0,True,750,0.1,512
794,794,7.947990534998098,690.0,True,750,0.1,512
795,795,8.236297921997902,690.0,True,750,0.1,512
796,796,8.529815280999173,690.0,True,750,0.1,512
797,797,8.823470919000101,690.0,True,750,0.1,512
798,798,9.082434430998546,690.0,True,750,0.1,512
799,799,9.330473231999349,690.0,True,750,0.1,512
800,800,9.625459118000435,690.0,True,750,0.1,512
801,801,9.882686526998441,690.0,True,750,0.1,512
802,802,10.152838697998959,690.0,True,750,0.1,512
803,803,10.447223660998134,690.0,True,750,0.1,512
804,804,10.694686967999587,690.0,True,750,0.1,512
805,805,10.945492613998795,690.0,True,750,0.1,512
806,806,11.206321641999239,690.0,True,750,0.1,512
807,807,11.497862055999576,690.0,True,750,0.1,512
808,808,11.754438428997673,546.0,True,750,0.25,512
809,809,12.01204058499934,565.0,True,750,0.25,512
810,810,12.289548961998662,568.0,True,750,0.25,512
811,811,12.553287042999727,576.0,True,750,0.25,512
812,812,12.810332480999932,604.0,True,750,0.25,512
813,813,13.073809982000967,615.0,True,750,0.25,512
814,814,13.349292199000047,627.0,True,750,0.25,512
815,815,13.60560352399989,643.0,True,750,0.25,512
816,816,13.863066939000419,643.0,True,750,0.25,512
817,817,0.02646260700203129,647.0,True,750,0.25,512
818,818,0.1358193019987084,662.0,True,750,0.25,512
819,819,0.26471320999917225,663.0,True,750,0.25,512
820,820,0.3932525509990228,666.0,True,750,0.25,512
821,821,0.5081552289993851,672.0,True,750,0.25,512
822,822,0.6400535110005876,672.0,True,750,0.25,512
823,823,0.7544641610002145,678.0,True,750,0.25,512
824,824,0.8564988059988536,681.0,True,750,0.25,512
825,825,0.9602787299991178,682.0,True,750,0.25,512
826,826,1.0920039049997285,684.0,True,750,0.25,512
827,827,1.20974470299916,684.0,True,750,0.25,512
828,828,1.3239350879994163,685.0,True,750,0.25,512
829,829,1.4401484670015634,686.0,True,750,0.25,512
830,830,1.5574903529995936,688.0,True,750,0.25,512
831,831,1.6736567230000219,689.0,True,750,0.25,512
832,832,1.7888872900002752,689.0,True,750,0.25,512
833,833,1.9028839499987953,689.0,True,750,0.25,512
834,834,2.0193447550009296,689.0,True,750,0.25,512
835,835,2.118576597000356,689.0,True,750,0.25,512
836,836,2.2276472129997273,690.0,True,750,0.25,512
837,837,2.325165696001932,690.0,True,750,0.25,512
838,838,2.4288924200009205,690.0,True,750,0.25,512
839,839,2.535067329001322,690.0,True,750,0.25,512
840,840,2.641766494998592,690.0,True,750,0.25,512
841,841,2.7480418429986457,690.0,True,750,0.25,512
842,842,2.8574838989989075,690.0,True,750,0.25,512
843,843,2.9767147349994048,690.0,True,750,0.25,512
844,844,3.0815068680021795,690.0,True,750,0.25,512
845,845,3.1883212710017688,690.0,True,750,0.25,512
846,846,3.303305433000787,690.0,True,750,0.25,512
847,847,3.4089185730008467,690.0,True,750,0.25,512
848,848,3.5269237190004787,690.0,True,750,0.25,512
849,849,3.6419028019990947,690.0,True,750,0.25,512
850,850,3.761718600999302,690.0,True,750,0.25,512
851,851,3.880714003000321,690.0,True,750,0.25,512
852,852,4.004986582000129,690.0,True,750,0.25,512
853,853,4.231086775998847,690.0,True,750,0.25,512
854,854,4.474892852002085,690.0,True,750,0.25,512
855,855,4.7279655349993845,690.0,True,750,0.25,512
856,856,4.982530329001747,690.0,True,750,0.25,512
857,857,5.245818374998635,690.0,True,750,0.25,512
858,858,5.503560788998584,690.0,True,750,0.25,512
859,859,5.784470828999474,690.0,True,750,0.25,512
860,860,6.04100940400167,690.0,True,750,0.25,512
861,861,6.299966136000876,690.0,True,750,0.25,512
862,862,6.559017687999585,690.0,True,750,0.25,512
863,863,6.82804434100035,690.0,True,750,0.25,512
864,864,7.10998613600168,690.0,True,750,0.25,512
865,865,7.370417980000639,690.0,True,750,0.25,512
866,866,7.662678474000131,690.0,True,750,0.25,512
867,867,7.9637434139986,690.0,True,750,0.25,512
868,868,8.265653966001992,690.0,True,750,0.25,512
869,869,8.565268401998765,690.0,True,750,0.25,512
870,870,8.86439833500117,690.0,True,750,0.25,512
871,871,9.169480525000836,690.0,True,750,0.25,512
872,872,9.465839977001451,690.0,True,750,0.25,512
873,873,9.768924493000668,690.0,True,750,0.25,512
874,874,10.064866316999542,690.0,True,750,0.25,512
875,875,10.371991599000467,690.0,True,750,0.25,512
876,876,10.671233755001595,690.0,True,750,0.25,512
877,877,10.976464006002061,690.0,True,750,0.25,512
878,878,11.282501558001968,690.0,True,750,0.25,512
879,879,11.583727092001936,690.0,True,750,0.25,512
880,880,11.887141049999627,690.0,True,750,0.25,512
881,881,12.187760802000412,690.0,True,750,0.25,512
882,882,12.50070626500019,690.0,True,750,0.25,512
883,883,12.804502424998645,690.0,True,750,0.25,512
884,884,13.105451117000484,690.0,True,750,0.25,512
885,885,13.40604294700097,690.0,True,750,0.25,512
886,886,13.704379254999367,690.0,True,750,0.25,512
887,887,14.010707678000472,527.0,True,750,0.5,512
888,888,14.316991605999647,562.0,True,750,0.5,512
889,889,14.6162761830019,562.0,True,750,0.5,512
890,890,14.914673587001744,562.0,True,750,0.5,512
891,891,15.182361408998986,570.0,True,750,0.5,512
892,892,15.444036359000165,591.0,True,750,0.5,512
893,893,15.749364515999332,591.0,True,750,0.5,512
894,894,16.030961836000643,592.0,True,750,0.5,512
895,895,16.316281811999943,606.0,True,750,0.5,512
896,896,16.591307886999857,606.0,True,750,0.5,512
897,897,0.028955494999536313,609.0,True,750,0.5,512
898,898,0.21645093099868973,615.0,True,750,0.5,512
899,899,0.4187143799972546,625.0,True,750,0.5,512
900,900,0.6255900340001972,627.0,True,750,0.5,512
901,901,0.8038733760004106,634.0,True,750,0.5,512
902,902,0.9982829529981245,634.0,True,750,0.5,512
903,903,1.1554782479979622,642.0,True,750,0.5,512
904,904,1.3249350829973991,644.0,True,750,0.5,512
905,905,1.4863800889979757,655.0,True,750,0.5,512
906,906,1.6709672319993842,660.0,True,750,0.5,512
907,907,1.844869516997278,662.0,True,750,0.5,512
908,908,2.0220705489991815,662.0,True,750,0.5,512
909,909,2.1945607119996566,662.0,True,750,0.5,512
910,910,2.3631540709975525,662.0,True,750,0.5,512
911,911,2.5354979379990255,669.0,True,750,0.5,512
912,912,2.698940998998296,670.0,True,750,0.5,512
913,913,2.85882016299729,675.0,True,750,0.5,512
914,914,3.053921103997709,675.0,True,750,0.5,512
915,915,3.210511288998532,678.0,True,750,0.5,512
916,916,3.384085555000638,678.0,True,750,0.5,512
917,917,3.552032715997484,678.0,True,750,0.5,512
918,918,3.71083482999893,681.0,True,750,0.5,512
919,919,3.868886719999864,681.0,True,750,0.5,512
920,920,4.024774961999356,681.0,True,750,0.5,512
921,921,4.182978116998129,685.0,True,750,0.5,512
922,922,4.344922152999061,685.0,True,750,0.5,512
923,923,4.4993097970000235,686.0,True,750,0.5,512
924,924,4.673574945998553,686.0,True,750,0.5,512
925,925,4.85138231199744,687.0,True,750,0.5,512
926,926,5.03252495400011,689.0,True,750,0.5,512
927,927,5.207213571997272,689.0,True,750,0.5,512
928,928,5.3772741360007785,689.0,True,750,0.5,512
929,929,5.555004056997859,689.0,True,750,0.5,512
930,930,5.748553302997607,689.0,True,750,0.5,512
931,931,5.925872318999609,689.0,True,750,0.5,512
932,932,6.10293290700065,689.0,True,750,0.5,512
933,933,6.276540307000687,689.0,True,750,0.5,512
934,934,6.453169111999159,689.0,True,750,0.5,512
935,935,6.627324925997527,689.0,True,750,0.5,512
936,936,6.7889557119997335,689.0,True,750,0.5,512
937,937,6.9652379139988625,690.0,True,750,0.5,512
938,938,7.139645182000095,690.0,True,750,0.5,512
939,939,7.3183281979981984,690.0,True,750,0.5,512
940,940,7.470799741000519,690.0,True,750,0.5,512
941,941,7.631403371000488,690.0,True,750,0.5,512
942,942,7.782592326999293,690.0,True,750,0.5,512
943,943,7.938185093000357,690.0,True,750,0.5,512
944,944,8.087892915998964,690.0,True,750,0.5,512
945,945,8.250809395998658,690.0,True,750,0.5,512
946,946,8.402655399997457,690.0,True,750,0.5,512
947,947,8.576069325998105,690.0,True,750,0.5,512
948,948,8.733056549997855,690.0,True,750,0.5,512
949,949,8.881530749000376,690.0,True,750,0.5,512
950,950,9.039229273999808,690.0,True,750,0.5,512
951,951,9.203608239997266,690.0,True,750,0.5,512
952,952,9.371073603997502,690.0,True,750,0.5,512
953,953,9.552880699997331,690.0,True,750,0.5,512
954,954,9.738921444997686,690.0,True,750,0.5,512
955,955,9.926756573997409,690.0,True,750,0.5,512
956,956,10.13610108300054,690.0,True,750,0.5,512
957,957,10.367031047000637,690.0,True,750,0.5,512
958,958,10.559125472998858,690.0,True,750,0.5,512
959,959,10.80384025999956,690.0,True,750,0.5,512
960,960,11.08264862699798,690.0,True,750,0.5,512
961,961,11.36624913599735,690.0,True,750,0.5,512
962,962,11.571560955999303,690.0,True,750,0.5,512
963,963,11.854953853999177,690.0,True,750,0.5,512
964,964,12.156318787998316,690.0,True,750,0.5,512
965,965,12.460994531000324,690.0,True,750,0.5,512
966,966,12.763026190998062,690.0,True,750,0.5,512
967,967,13.073618616999738,690.0,True,750,0.5,512
968,968,13.375696964998497,690.0,True,750,0.5,512
969,969,13.673821650998434,690.0,True,750,0.5,512
970,970,13.962813223999547,690.0,True,750,0.5,512
971,971,14.261598655997659,690.0,True,750,0.5,512
972,972,14.55933959899994,690.0,True,750,0.5,512
973,973,14.843518891997519,690.0,True,750,0.5,512
974,974,15.140318972000387,690.0,True,750,0.5,512
975,975,15.437814251999953,690.0,True,750,0.5,512
976,976,15.735100268997485,690.0,True,750,0.5,512
977,977,16.032677724997484,690.0,True,750,0.5,512
978,978,16.33075040499898,690.0,True,750,0.5,512
979,979,16.628038334998564,690.0,True,750,0.5,512
980,980,16.92471116699744,690.0,True,750,0.5,512
981,981,17.222787743998197,690.0,True,750,0.5,512
982,982,17.509034522998263,690.0,True,750,0.5,512
983,983,17.803613007999957,690.0,True,750,0.5,512
984,984,18.100252255997475,690.0,True,750,0.5,512
985,985,18.396408674998384,690.0,True,750,0.5,512
986,986,18.693951265999203,690.0,True,750,0.5,512
987,987,18.991853355000785,690.0,True,750,0.5,512
988,988,19.27901893699891,513.0,True,750,0.75,512
989,989,19.57976970600066,515.0,True,750,0.75,512
990,990,19.848555915999896,528.0,True,750,0.75,512
991,991,20.131532823997986,543.0,True,750,0.75,512
992,992,20.422425212000235,555.0,True,750,0.75,512
993,993,20.716040390998387,555.0,True,750,0.75,512
994,994,21.012765692998073,555.0,True,750,0.75,512
995,995,21.310405167998397,566.0,True,750,0.75,512
996,996,21.609154403999128,566.0,True,750,0.75,512
997,997,21.906611135000276,580.0,True,750,0.75,512
998,998,22.204680951999762,580.0,True,750,0.75,512
999,999,0.029504652000468923,580.0,True,750,0.75,512
1000,1000,0.2856341769984283,580.0,True,750,0.75,512
1001,1001,0.5490963039992494,596.0,True,750,0.75,512
1002,1002,0.8121257950006111,596.0,True,750,0.75,512
1003,1003,1.0590239000011934,596.0,True,750,0.75,512
1004,1004,1.323993508998683,596.0,True,750,0.75,512
1005,1005,1.5723480499982543,596.0,True,750,0.75,512
1006,1006,1.7915686080013984,596.0,True,750,0.75,512
1007,1007,2.0324239139990823,596.0,True,750,0.75,512
1008,1008,2.2947986719991604,596.0,True,750,0.75,512
1009,1009,2.5348352449982485,606.0,True,750,0.75,512
1010,1010,2.7820735620007326,606.0,True,750,0.75,512
1011,1011,2.9998361129983095,615.0,True,750,0.75,512
1012,1012,3.2179579799994826,619.0,True,750,0.75,512
1013,1013,3.459898141998565,619.0,True,750,0.75,512
1014,1014,3.7103138390011736,620.0,True,750,0.75,512
1015,1015,3.9593587320014194,623.0,True,750,0.75,512
1016,1016,4.223331172001053,623.0,True,750,0.75,512
1017,1017,4.473345241000061,623.0,True,750,0.75,512
1018,1018,4.71973466000054,623.0,True,750,0.75,512
1019,1019,4.938411264000024,630.0,True,750,0.75,512
1020,1020,5.162756911999168,630.0,True,750,0.75,512
1021,1021,5.3811088139991625,641.0,True,750,0.75,512
1022,1022,5.598895611001353,644.0,True,750,0.75,512
1023,1023,5.836839020001207,644.0,True,750,0.75,512
1024,1024,6.077964416999748,644.0,True,750,0.75,512
1025,1025,6.29850599600104,645.0,True,750,0.75,512
1026,1026,6.522567208998225,649.0,True,750,0.75,512
1027,1027,6.755598510000709,649.0,True,750,0.75,512
1028,1028,6.965700161999848,652.0,True,750,0.75,512
1029,1029,7.183147528998234,652.0,True,750,0.75,512
1030,1030,7.417349617000582,652.0,True,750,0.75,512
1031,1031,7.659094111000741,652.0,True,750,0.75,512
1032,1032,7.917973872998118,654.0,True,750,0.75,512
1033,1033,8.165860975001124,655.0,True,750,0.75,512
1034,1034,8.418946985999355,656.0,True,750,0.75,512
1035,1035,8.644008735998796,657.0,True,750,0.75,512
1036,1036,8.876609505998204,663.0,True,750,0.75,512
1037,1037,9.094484389999707,663.0,True,750,0.75,512
1038,1038,9.315071625998826,663.0,True,750,0.75,512
1039,1039,9.563027257998328,667.0,True,750,0.75,512
1040,1040,9.810186287999386,667.0,True,750,0.75,512
1041,1041,10.04903858200123,667.0,True,750,0.75,512
1042,1042,10.296598878998338,681.0,True,750,0.75,512
1043,1043,10.533607346998906,681.0,True,750,0.75,512
1044,1044,10.762893720999273,681.0,True,750,0.75,512
1045,1045,10.992319455999677,681.0,True,750,0.75,512
1046,1046,11.224080133000825,681.0,True,750,0.75,512
1047,1047,11.44634393999877,681.0,True,750,0.75,512
1048,1048,11.666554897001333,681.0,True,750,0.75,512
1049,1049,11.911138224000752,681.0,True,750,0.75,512
1050,1050,12.159000831001322,681.0,True,750,0.75,512
1051,1051,12.406198826000036,681.0,True,750,0.75,512
1052,1052,12.651834216001589,681.0,True,750,0.75,512
1053,1053,12.900604213999031,681.0,True,750,0.75,512
1054,1054,13.1487217219983,681.0,True,750,0.75,512
1055,1055,13.393802807000611,681.0,True,750,0.75,512
1056,1056,13.638778743999865,681.0,True,750,0.75,512
1057,1057,13.859383915001672,681.0,True,750,0.75,512
1058,1058,14.076752616001613,681.0,True,750,0.75,512
1059,1059,14.295528670001659,681.0,True,750,0.75,512
1060,1060,14.51958722999916,682.0,True,750,0.75,512
1061,1061,14.735053706001054,682.0,True,750,0.75,512
1062,1062,14.961812957000802,682.0,True,750,0.75,512
1063,1063,15.189064687001519,682.0,True,750,0.75,512
1064,1064,15.451452101999166,682.0,True,750,0.75,512
1065,1065,15.699895696001477,686.0,True,750,0.75,512
1066,1066,15.945703140998376,686.0,True,750,0.75,512
1067,1067,16.192608435001603,686.0,True,750,0.75,512
1068,1068,16.437981951999973,686.0,True,750,0.75,512
1069,1069,16.68276280200007,686.0,True,750,0.75,512
1070,1070,16.92844943000091,686.0,True,750,0.75,512
1071,1071,17.18138590200033,686.0,True,750,0.75,512
1072,1072,17.413297455001157,686.0,True,750,0.75,512
1073,1073,17.66185963300086,686.0,True,750,0.75,512
1074,1074,17.88015270699907,686.0,True,750,0.75,512
1075,1075,18.123089822998736,686.0,True,750,0.75,512
1076,1076,18.38599375299964,686.0,True,750,0.75,512
1077,1077,18.63321352999992,686.0,True,750,0.75,512
1078,1078,18.873292408999987,686.0,True,750,0.75,512
1079,1079,19.11603574900073,686.0,True,750,0.75,512
1080,1080,19.358449929000926,686.0,True,750,0.75,512
1081,1081,19.60299921299884,686.0,True,750,0.75,512
1082,1082,19.817231283999718,686.0,True,750,0.75,512
1083,1083,20.042526486999122,686.0,True,750,0.75,512
1084,1084,20.253323203000036,686.0,True,750,0.75,512
1085,1085,20.46376264400169,686.0,True,750,0.75,512
1086,1086,20.678245367998898,686.0,True,750,0.75,512
1087,1087,20.88950009600012,686.0,True,750,0.75,512
1088,1088,21.100963459000923,686.0,True,750,0.75,512
1089,1089,21.31442384500042,686.0,True,750,0.75,512
1090,1090,21.5245737510013,686.0,True,750,0.75,512
1091,1091,21.73918600899924,686.0,True,750,0.75,512
1092,1092,21.9481334589982,686.0,True,750,0.75,512
1093,1093,22.161438954000914,686.0,True,750,0.75,512
1094,1094,22.389715607001563,686.0,True,750,0.75,512
1095,1095,22.62454521199834,686.0,True,750,0.75,512
1096,1096,22.866071438998915,686.0,True,750,0.75,512
1097,1097,23.109612214000663,686.0,True,750,0.75,512
1098,1098,23.366966655998112,686.0,True,750,0.75,512
1099,1099,23.613698124998336,686.0,True,750,0.75,512
1100,1100,23.87567059199864,686.0,True,750,0.75,512
1101,1101,24.116015142000833,686.0,True,750,0.75,512
1102,1102,24.360433391000697,686.0,True,750,0.75,512
1103,1103,24.629089715999726,686.0,True,750,0.75,512
1104,1104,24.88560912400135,686.0,True,750,0.75,512
1105,1105,25.134053472000232,686.0,True,750,0.75,512
1106,1106,25.35547923299964,686.0,True,750,0.75,512
1107,1107,25.568478430999676,686.0,True,750,0.75,512
1108,1108,25.788574376001634,686.0,True,750,0.75,512
1109,1109,25.997995300000184,686.0,True,750,0.75,512
1110,1110,26.216282606001187,686.0,True,750,0.75,512
1111,1111,26.4284843610003,686.0,True,750,0.75,512
1112,1112,26.697528627999418,686.0,True,750,0.75,512
1113,1113,26.936379554001178,686.0,True,750,0.75,512
1114,1114,27.18383171199821,686.0,True,750,0.75,512
1115,1115,27.43254538900146,686.0,True,750,0.75,512
