,Iteration,Time,Fitness,Population Size,Mutation Rate,max_iters
0,0,0.00017855599980975967,17.0,50,0.05,2048
1,1,0.003039121000256273,17.0,50,0.05,2048
2,2,0.00885528099934163,18.0,50,0.05,2048
3,3,0.014491972000541864,19.0,50,0.05,2048
4,4,0.017049386000508093,19.0,50,0.05,2048
5,5,0.022683032999339048,20.0,50,0.05,2048
6,6,0.025258992000090075,20.0,50,0.05,2048
7,7,0.027721718999600853,20.0,50,0.05,2048
8,8,0.03016440700048406,22.0,50,0.05,2048
9,9,0.036038865999216796,22.0,50,0.05,2048
10,10,0.03857140400032222,22.0,50,0.05,2048
11,11,0.04104042200015101,22.0,50,0.05,2048
12,12,0.043509731000085594,22.0,50,0.05,2048
13,13,0.045985651999217225,24.0,50,0.05,2048
14,14,0.04851022399998328,18.0,50,0.1,2048
15,15,0.0001788160006981343,18.0,50,0.1,2048
16,16,0.003037017000679043,19.0,50,0.1,2048
17,17,0.008704717000000528,20.0,50,0.1,2048
18,18,0.014507241001410875,20.0,50,0.1,2048
19,19,0.017067441000108374,20.0,50,0.1,2048
20,20,0.02288379099991289,20.0,50,0.1,2048
21,21,0.025462626001171884,20.0,50,0.1,2048
22,22,0.02792707499975222,20.0,50,0.1,2048
23,23,0.03043710100064345,20.0,50,0.1,2048
24,24,0.0362530689999403,20.0,50,0.1,2048
25,25,0.03875604099994234,20.0,50,0.1,2048
26,26,0.04125322199979564,20.0,50,0.1,2048
27,27,0.04374505400119233,20.0,50,0.1,2048
28,28,0.04625999800009595,20.0,50,0.1,2048
29,29,0.04872136199992383,20.0,50,0.1,2048
30,30,0.05125027200119803,20.0,50,0.1,2048
31,31,0.053769705000377144,20.0,50,0.1,2048
32,32,0.05974206900100398,20.0,50,0.1,2048
33,33,0.062287931999890134,20.0,50,0.1,2048
34,34,0.06476547600141203,20.0,50,0.1,2048
35,35,0.06730477699966286,20.0,50,0.1,2048
36,36,0.06983634199968947,20.0,50,0.1,2048
37,37,0.07243806000042241,20.0,50,0.1,2048
38,38,0.0749669510005333,20.0,50,0.1,2048
39,39,0.07743974600089132,20.0,50,0.1,2048
40,40,0.08106289700117486,20.0,50,0.1,2048
41,41,0.08441145100005087,20.0,50,0.1,2048
42,42,0.08680265200018766,20.0,50,0.1,2048
43,43,0.0891459840004245,20.0,50,0.1,2048
44,44,0.09146149300067918,20.0,50,0.1,2048
45,45,0.09378307400038466,20.0,50,0.1,2048
46,46,0.09614629300085653,20.0,50,0.1,2048
47,47,0.0984267860003456,20.0,50,0.1,2048
48,48,0.1041020100001333,20.0,50,0.1,2048
49,49,0.10640165900076681,20.0,50,0.1,2048
50,50,0.10873457100024098,20.0,50,0.1,2048
51,51,0.11111175699988962,20.0,50,0.1,2048
52,52,0.1134772100012924,20.0,50,0.1,2048
53,53,0.11581386900070356,20.0,50,0.1,2048
54,54,0.11814616999981808,20.0,50,0.1,2048
55,55,0.1204439450011705,20.0,50,0.1,2048
56,56,0.12282578899976215,20.0,50,0.1,2048
57,57,0.12521574800121016,20.0,50,0.1,2048
58,58,0.12757049100036966,20.0,50,0.1,2048
59,59,0.1298955689999275,20.0,50,0.1,2048
60,60,0.13224336900020717,20.0,50,0.1,2048
61,61,0.13459850199978973,20.0,50,0.1,2048
62,62,0.13693567200061807,20.0,50,0.1,2048
63,63,0.13921883100010746,20.0,50,0.1,2048
64,64,0.1415740940010437,20.0,50,0.1,2048
65,65,0.14390575400102534,20.0,50,0.1,2048
66,66,0.14621714500026428,20.0,50,0.1,2048
67,67,0.1485678810004174,20.0,50,0.1,2048
68,68,0.15088582499993208,18.0,50,0.25,2048
69,69,0.15325856100025703,20.0,50,0.25,2048
70,70,0.00016196499927900732,20.0,50,0.25,2048
71,71,0.0028560569990077056,20.0,50,0.25,2048
72,72,0.008687075000125333,20.0,50,0.25,2048
73,73,0.014490469999145716,22.0,50,0.25,2048
74,74,0.016909042999031954,22.0,50,0.25,2048
75,75,0.022679365998556023,22.0,50,0.25,2048
76,76,0.025168772999677458,22.0,50,0.25,2048
77,77,0.027664240999001777,22.0,50,0.25,2048
78,78,0.030143718999170233,22.0,50,0.25,2048
79,79,0.03608248799901048,22.0,50,0.25,2048
80,80,0.03844515599848819,22.0,50,0.25,2048
81,81,0.04087644299943349,22.0,50,0.25,2048
82,82,0.04329201099972124,22.0,50,0.25,2048
83,83,0.045695284999965224,22.0,50,0.25,2048
84,84,0.04811801699906937,22.0,50,0.25,2048
85,85,0.050584869999511284,22.0,50,0.25,2048
86,86,0.052942447999157594,22.0,50,0.25,2048
87,87,0.0589736729998549,22.0,50,0.25,2048
88,88,0.06144213999868953,22.0,50,0.25,2048
89,89,0.06386595299954934,22.0,50,0.25,2048
90,90,0.06635166299929551,22.0,50,0.25,2048
91,91,0.06883905599897844,22.0,50,0.25,2048
92,92,0.07134612499976356,22.0,50,0.25,2048
93,93,0.07377874399935536,22.0,50,0.25,2048
94,94,0.07619588499983365,22.0,50,0.25,2048
95,95,0.07858656600001268,22.0,50,0.25,2048
96,96,0.0810153980000905,22.0,50,0.25,2048
97,97,0.08348669099905237,22.0,50,0.25,2048
98,98,0.08593794599983084,22.0,50,0.25,2048
99,99,0.08831218500017712,22.0,50,0.25,2048
100,100,0.09074645699911343,22.0,50,0.25,2048
101,101,0.09312626799874124,22.0,50,0.25,2048
102,102,0.09554160500010767,22.0,50,0.25,2048
103,103,0.10167779699986568,22.0,50,0.25,2048
104,104,0.10411712899986014,22.0,50,0.25,2048
105,105,0.10658303199852526,22.0,50,0.25,2048
106,106,0.10906338099994173,22.0,50,0.25,2048
107,107,0.11151791100019182,22.0,50,0.25,2048
108,108,0.11402181499943254,22.0,50,0.25,2048
109,109,0.11644251299912867,22.0,50,0.25,2048
110,110,0.11892650899972068,22.0,50,0.25,2048
111,111,0.121382231998723,22.0,50,0.25,2048
112,112,0.12385625899878505,22.0,50,0.25,2048
113,113,0.12631979700017837,22.0,50,0.25,2048
114,114,0.12875842799985548,22.0,50,0.25,2048
115,115,0.13119087699851661,22.0,50,0.25,2048
116,116,0.13369504199908988,22.0,50,0.25,2048
117,117,0.13609252499918512,22.0,50,0.25,2048
118,118,0.13853968199873634,22.0,50,0.25,2048
119,119,0.14097794299959787,22.0,50,0.25,2048
120,120,0.1434431029992993,22.0,50,0.25,2048
121,121,0.1458961909993377,22.0,50,0.25,2048
122,122,0.14834007199897314,22.0,50,0.25,2048
123,123,0.1507234189994051,22.0,50,0.25,2048
124,124,0.15317552499982412,19.0,50,0.5,2048
125,125,0.1556813629995304,19.0,50,0.5,2048
126,126,0.15812852999988536,21.0,50,0.5,2048
127,127,0.0001714429999992717,21.0,50,0.5,2048
128,128,0.003106569000010495,21.0,50,0.5,2048
129,129,0.009930505999363959,21.0,50,0.5,2048
130,130,0.01641397099956521,21.0,50,0.5,2048
131,131,0.01908220400036953,21.0,50,0.5,2048
132,132,0.025583493999874918,21.0,50,0.5,2048
133,133,0.02828083200074616,21.0,50,0.5,2048
134,134,0.0308128590004344,21.0,50,0.5,2048
135,135,0.033391512999514816,21.0,50,0.5,2048
136,136,0.04001260699988052,21.0,50,0.5,2048
137,137,0.04256922099921212,21.0,50,0.5,2048
138,138,0.04518758000085654,21.0,50,0.5,2048
139,139,0.0477334229999542,21.0,50,0.5,2048
140,140,0.050245320999238174,21.0,50,0.5,2048
141,141,0.0528255490007723,21.0,50,0.5,2048
142,142,0.05542482199962251,21.0,50,0.5,2048
143,143,0.057981595000455854,21.0,50,0.5,2048
144,144,0.06462201700014703,21.0,50,0.5,2048
145,145,0.06717572500019742,21.0,50,0.5,2048
146,146,0.06984501899933093,21.0,50,0.5,2048
147,147,0.0724112799998693,21.0,50,0.5,2048
148,148,0.0749785839998367,21.0,50,0.5,2048
149,149,0.0775410379992536,21.0,50,0.5,2048
150,150,0.08015240399981849,21.0,50,0.5,2048
151,151,0.08266452300085803,21.0,50,0.5,2048
152,152,0.08517484900039562,21.0,50,0.5,2048
153,153,0.08776064700032293,21.0,50,0.5,2048
154,154,0.09035969999968074,21.0,50,0.5,2048
155,155,0.09282771600010165,21.0,50,0.5,2048
156,156,0.09545754700047837,21.0,50,0.5,2048
157,157,0.09810147400094138,21.0,50,0.5,2048
158,158,0.10060268300003372,21.0,50,0.5,2048
159,159,0.10309381300066889,21.0,50,0.5,2048
160,160,0.10993339900051069,21.0,50,0.5,2048
161,161,0.11254161900069448,21.0,50,0.5,2048
162,162,0.11510144800013222,21.0,50,0.5,2048
163,163,0.11764150000090012,21.0,50,0.5,2048
164,164,0.12025621199973102,21.0,50,0.5,2048
165,165,0.12293223999949987,21.0,50,0.5,2048
166,166,0.12543981099952362,21.0,50,0.5,2048
167,167,0.12812042699988524,21.0,50,0.5,2048
168,168,0.1306719210006122,21.0,50,0.5,2048
169,169,0.13317957199978991,21.0,50,0.5,2048
170,170,0.13576835499952722,21.0,50,0.5,2048
171,171,0.1383239170008892,21.0,50,0.5,2048
172,172,0.14090276100068877,21.0,50,0.5,2048
173,173,0.14349462000063795,21.0,50,0.5,2048
174,174,0.1461614309992001,21.0,50,0.5,2048
175,175,0.1487440630007768,21.0,50,0.5,2048
176,176,0.15132729600009043,21.0,50,0.5,2048
177,177,0.15389531099935994,19.0,100,0.05,2048
178,178,0.1564399710005091,19.0,100,0.05,2048
179,179,0.1590416790004383,19.0,100,0.05,2048
180,180,0.1616158050001104,19.0,100,0.05,2048
181,181,0.00018863500008592382,20.0,100,0.05,2048
182,182,0.005040178999479394,20.0,100,0.05,2048
183,183,0.014039880999916932,21.0,100,0.05,2048
184,184,0.022980993999226484,22.0,100,0.05,2048
185,185,0.02764201799982402,22.0,100,0.05,2048
186,186,0.03673244200035697,22.0,100,0.05,2048
187,187,0.041409927000131574,22.0,100,0.05,2048
188,188,0.046075509999354836,22.0,100,0.05,2048
189,189,0.050713171000097645,23.0,100,0.05,2048
190,190,0.059805197999594384,23.0,100,0.05,2048
191,191,0.06445826699928148,23.0,100,0.05,2048
192,192,0.06904940099957457,23.0,100,0.05,2048
193,193,0.07366042099965853,23.0,100,0.05,2048
194,194,0.07826421800018579,23.0,100,0.05,2048
195,195,0.08285165400047845,23.0,100,0.05,2048
196,196,0.08741191999979492,23.0,100,0.05,2048
197,197,0.09196323799915262,23.0,100,0.05,2048
198,198,0.10115604400016309,23.0,100,0.05,2048
199,199,0.10574518300018099,23.0,100,0.05,2048
200,200,0.11041468400071608,23.0,100,0.05,2048
201,201,0.11497789500026556,23.0,100,0.05,2048
202,202,0.11950517699915508,23.0,100,0.05,2048
203,203,0.12411428499945032,23.0,100,0.05,2048
204,204,0.1287288620005711,23.0,100,0.05,2048
205,205,0.13334179599951312,23.0,100,0.05,2048
206,206,0.1379702089998318,23.0,100,0.05,2048
207,207,0.1425602710005478,23.0,100,0.05,2048
208,208,0.14711030699982075,23.0,100,0.05,2048
209,209,0.1517160170005809,23.0,100,0.05,2048
210,210,0.1563473360001808,23.0,100,0.05,2048
211,211,0.16090828199958196,23.0,100,0.05,2048
212,212,0.16552723799941305,23.0,100,0.05,2048
213,213,0.17005316799986758,23.0,100,0.05,2048
214,214,0.17969399799949315,23.0,100,0.05,2048
215,215,0.18424855199918966,23.0,100,0.05,2048
216,216,0.18887078400075552,23.0,100,0.05,2048
217,217,0.19348121300026833,23.0,100,0.05,2048
218,218,0.1980807719992299,23.0,100,0.05,2048
219,219,0.20265533400015556,23.0,100,0.05,2048
220,220,0.20720938699923863,23.0,100,0.05,2048
221,221,0.2117705439995916,23.0,100,0.05,2048
222,222,0.21635123799933353,23.0,100,0.05,2048
223,223,0.2208987089998118,23.0,100,0.05,2048
224,224,0.22545258199897944,23.0,100,0.05,2048
225,225,0.22995635100051004,23.0,100,0.05,2048
226,226,0.23453988000073878,23.0,100,0.05,2048
227,227,0.2390881619994616,23.0,100,0.05,2048
228,228,0.2436557509990962,23.0,100,0.05,2048
229,229,0.24831623499994748,23.0,100,0.05,2048
230,230,0.25290492299973266,23.0,100,0.05,2048
231,231,0.257480016000045,23.0,100,0.05,2048
232,232,0.26202716599982523,23.0,100,0.05,2048
233,233,0.26662820799901965,23.0,100,0.05,2048
234,234,0.2712089119995653,23.0,100,0.05,2048
235,235,0.27576639099970635,23.0,100,0.05,2048
236,236,0.28032867000001715,23.0,100,0.05,2048
237,237,0.28485509200072556,23.0,100,0.05,2048
238,238,0.2893981249999342,23.0,100,0.05,2048
239,239,0.2939233929992042,23.0,100,0.05,2048
240,240,0.29849567100063723,19.0,100,0.1,2048
241,241,0.3030374819991266,19.0,100,0.1,2048
242,242,0.3075466209993465,19.0,100,0.1,2048
243,243,0.31207123800049885,20.0,100,0.1,2048
244,244,0.3166056549998757,20.0,100,0.1,2048
245,245,0.00018999699932464864,20.0,100,0.1,2048
246,246,0.005069032000392326,21.0,100,0.1,2048
247,247,0.014636793999670772,21.0,100,0.1,2048
248,248,0.024192945000322652,22.0,100,0.1,2048
249,249,0.028966330999537604,22.0,100,0.1,2048
250,250,0.038623260999884224,22.0,100,0.1,2048
251,251,0.043354788000215194,22.0,100,0.1,2048
252,252,0.04807549500037567,23.0,100,0.1,2048
253,253,0.05266937399937888,23.0,100,0.1,2048
254,254,0.06272075599918026,23.0,100,0.1,2048
255,255,0.0673914290000539,24.0,100,0.1,2048
256,256,0.07212781599992013,17.0,100,0.25,2048
257,257,0.0767580320007255,19.0,100,0.25,2048
258,258,0.08145495399912761,19.0,100,0.25,2048
259,259,0.08614293000027828,19.0,100,0.25,2048
260,260,0.09073126799921738,19.0,100,0.25,2048
261,261,0.09548936499959382,19.0,100,0.25,2048
262,262,0.00019062899991695303,20.0,100,0.25,2048
263,263,0.0052709730007336475,21.0,100,0.25,2048
264,264,0.015351961001215386,21.0,100,0.25,2048
265,265,0.025389668000570964,21.0,100,0.25,2048
266,266,0.03016580900111876,21.0,100,0.25,2048
267,267,0.040203005000876146,23.0,100,0.25,2048
268,268,0.04512316799991822,23.0,100,0.25,2048
269,269,0.050118491000830545,23.0,100,0.25,2048
270,270,0.05495301300106803,23.0,100,0.25,2048
271,271,0.06502237000131572,23.0,100,0.25,2048
272,272,0.06983763400057796,23.0,100,0.25,2048
273,273,0.07460494900078629,23.0,100,0.25,2048
274,274,0.07942889100013417,24.0,100,0.25,2048
275,275,0.08418311100103892,19.0,100,0.5,2048
276,276,0.08902065800066339,19.0,100,0.5,2048
277,277,0.09383333799996763,19.0,100,0.5,2048
278,278,0.09867603500060795,20.0,100,0.5,2048
279,279,0.10898665600143431,21.0,100,0.5,2048
280,280,0.11381823200099461,21.0,100,0.5,2048
281,281,0.11872201400001359,21.0,100,0.5,2048
282,282,0.00018933599858428352,21.0,100,0.5,2048
283,283,0.005549015999349649,21.0,100,0.5,2048
284,284,0.016074520999609376,22.0,100,0.5,2048
285,285,0.02764773899980355,22.0,100,0.5,2048
286,286,0.03318237799976487,23.0,100,0.5,2048
287,287,0.04500501499933307,23.0,100,0.5,2048
288,288,0.050611689999641385,23.0,100,0.5,2048
289,289,0.05615057799877832,23.0,100,0.5,2048
290,290,0.06161452399828704,23.0,100,0.5,2048
291,291,0.07323585199992522,23.0,100,0.5,2048
292,292,0.07908032399973308,23.0,100,0.5,2048
293,293,0.08475820399871736,23.0,100,0.5,2048
294,294,0.09019004999936442,23.0,100,0.5,2048
295,295,0.09562089299834042,23.0,100,0.5,2048
296,296,0.10108603199842037,23.0,100,0.5,2048
297,297,0.10671306599942909,23.0,100,0.5,2048
298,298,0.11219611699925736,23.0,100,0.5,2048
299,299,0.12409023999862256,23.0,100,0.5,2048
300,300,0.12965485499989882,23.0,100,0.5,2048
301,301,0.13515290599934815,23.0,100,0.5,2048
302,302,0.14079275299991423,23.0,100,0.5,2048
303,303,0.14619339099954232,23.0,100,0.5,2048
304,304,0.15173804799997015,23.0,100,0.5,2048
305,305,0.1572749319984723,23.0,100,0.5,2048
306,306,0.1626095349984098,23.0,100,0.5,2048
307,307,0.1680919359987456,23.0,100,0.5,2048
308,308,0.17358577899904049,23.0,100,0.5,2048
309,309,0.17915002399968216,23.0,100,0.5,2048
310,310,0.1846188989984512,23.0,100,0.5,2048
311,311,0.19008879699867975,23.0,100,0.5,2048
312,312,0.19543424999937997,23.0,100,0.5,2048
313,313,0.201006500999938,23.0,100,0.5,2048
314,314,0.206520981999347,23.0,100,0.5,2048
315,315,0.21864763099983975,23.0,100,0.5,2048
316,316,0.22418347299935704,23.0,100,0.5,2048
317,317,0.22973502399872814,23.0,100,0.5,2048
318,318,0.2352039399993373,23.0,100,0.5,2048
319,319,0.24082865899981698,23.0,100,0.5,2048
320,320,0.2462106209986814,23.0,100,0.5,2048
321,321,0.25164888899962534,23.0,100,0.5,2048
322,322,0.25712832499993965,23.0,100,0.5,2048
323,323,0.2626238099983311,23.0,100,0.5,2048
324,324,0.2681089459983923,23.0,100,0.5,2048
325,325,0.27361809799913317,23.0,100,0.5,2048
326,326,0.2792092429990589,23.0,100,0.5,2048
327,327,0.2849300129983021,23.0,100,0.5,2048
328,328,0.29042622999986634,23.0,100,0.5,2048
329,329,0.29596848399887676,23.0,100,0.5,2048
330,330,0.30139363699890964,23.0,100,0.5,2048
331,331,0.3069451579995075,23.0,100,0.5,2048
332,332,0.31233007599985285,23.0,100,0.5,2048
333,333,0.3178461499992409,23.0,100,0.5,2048
334,334,0.32334237699978985,23.0,100,0.5,2048
335,335,0.3288140589993418,23.0,100,0.5,2048
336,336,0.33442432999981975,23.0,100,0.5,2048
337,337,0.33997962799912784,17.0,150,0.05,2048
338,338,0.3454212929991627,17.0,150,0.05,2048
339,339,0.35089723199962464,18.0,150,0.05,2048
340,340,0.35648776599919074,20.0,150,0.05,2048
341,341,0.3619037919997936,21.0,150,0.05,2048
342,342,0.36749509899891564,21.0,150,0.05,2048
343,343,0.37306994299979124,21.0,150,0.05,2048
344,344,0.37854911899921717,21.0,150,0.05,2048
345,345,0.00023981199956324417,22.0,150,0.05,2048
346,346,0.008050435999393812,22.0,150,0.05,2048
347,347,0.022264754999923753,22.0,150,0.05,2048
348,348,0.037651872999049374,23.0,150,0.05,2048
349,349,0.04565256499881798,23.0,150,0.05,2048
350,350,0.0602826369995455,23.0,150,0.05,2048
351,351,0.0677083769987803,23.0,150,0.05,2048
352,352,0.07554789499954495,23.0,150,0.05,2048
353,353,0.0830174269995041,23.0,150,0.05,2048
354,354,0.09734891799962497,23.0,150,0.05,2048
355,355,0.10486009799933527,23.0,150,0.05,2048
356,356,0.11217300499993144,23.0,150,0.05,2048
357,357,0.11972856899956241,23.0,150,0.05,2048
358,358,0.12715714399928402,23.0,150,0.05,2048
359,359,0.1346003059989016,23.0,150,0.05,2048
360,360,0.14226712900017446,23.0,150,0.05,2048
361,361,0.14975356399918383,23.0,150,0.05,2048
362,362,0.16439368499959528,23.0,150,0.05,2048
363,363,0.17178727299869934,23.0,150,0.05,2048
364,364,0.17930824199902418,23.0,150,0.05,2048
365,365,0.18665770899860945,23.0,150,0.05,2048
366,366,0.19409159299902967,23.0,150,0.05,2048
367,367,0.20148244699885254,23.0,150,0.05,2048
368,368,0.20888614499926916,23.0,150,0.05,2048
369,369,0.21669786099846533,23.0,150,0.05,2048
370,370,0.22402546599914785,23.0,150,0.05,2048
371,371,0.23132682100003876,23.0,150,0.05,2048
372,372,0.23864248399877397,23.0,150,0.05,2048
373,373,0.24593842899957963,23.0,150,0.05,2048
374,374,0.2533436100002291,23.0,150,0.05,2048
375,375,0.26071817299998656,23.0,150,0.05,2048
376,376,0.2680039389997546,23.0,150,0.05,2048
377,377,0.2753585649988963,23.0,150,0.05,2048
378,378,0.29017825399932917,23.0,150,0.05,2048
379,379,0.2975328199991054,23.0,150,0.05,2048
380,380,0.30491073899975163,23.0,150,0.05,2048
381,381,0.3122344570001587,23.0,150,0.05,2048
382,382,0.3195825299990247,23.0,150,0.05,2048
383,383,0.3268508330002078,23.0,150,0.05,2048
384,384,0.3346678799989604,23.0,150,0.05,2048
385,385,0.34205497599941737,23.0,150,0.05,2048
386,386,0.3493812380002055,23.0,150,0.05,2048
387,387,0.35673449199930474,23.0,150,0.05,2048
388,388,0.3640241449993482,23.0,150,0.05,2048
389,389,0.3713317019992246,23.0,150,0.05,2048
390,390,0.3786838029991486,23.0,150,0.05,2048
391,391,0.386000165999576,23.0,150,0.05,2048
392,392,0.39329623199955677,23.0,150,0.05,2048
393,393,0.4005698549990484,23.0,150,0.05,2048
394,394,0.4078774619993055,23.0,150,0.05,2048
395,395,0.4151755109996884,23.0,150,0.05,2048
396,396,0.4225146279986802,23.0,150,0.05,2048
397,397,0.4298597559991322,23.0,150,0.05,2048
398,398,0.43728433300020697,23.0,150,0.05,2048
399,399,0.44467420499859145,17.0,150,0.1,2048
400,400,0.45204316699891933,20.0,150,0.1,2048
401,401,0.45935662599913485,20.0,150,0.1,2048
402,402,0.46666581599856727,20.0,150,0.1,2048
403,403,0.4739863269987836,20.0,150,0.1,2048
404,404,0.48134475000006205,21.0,150,0.1,2048
405,405,0.48867234499994083,22.0,150,0.1,2048
406,406,0.4959780889985268,22.0,150,0.1,2048
407,407,0.5033210329984286,22.0,150,0.1,2048
408,408,0.00023624499954166822,23.0,150,0.1,2048
409,409,0.0079897819996404,23.0,150,0.1,2048
410,410,0.022485461000542273,23.0,150,0.1,2048
411,411,0.037041043000499485,23.0,150,0.1,2048
412,412,0.04450655700020434,23.0,150,0.1,2048
413,413,0.059020119999331655,23.0,150,0.1,2048
414,414,0.06650462099969445,23.0,150,0.1,2048
415,415,0.0739498660004756,23.0,150,0.1,2048
416,416,0.08145019699986733,23.0,150,0.1,2048
417,417,0.09621474199957447,24.0,150,0.1,2048
418,418,0.10394783099945926,18.0,150,0.25,2048
419,419,0.11134422500072105,19.0,150,0.25,2048
420,420,0.11878852900008496,20.0,150,0.25,2048
421,421,0.1262185169998702,20.0,150,0.25,2048
422,422,0.13373274299920013,22.0,150,0.25,2048
423,423,0.14116620700042404,22.0,150,0.25,2048
424,424,0.14862654200078396,22.0,150,0.25,2048
425,425,0.16356899200036423,22.0,150,0.25,2048
426,426,0.17101681399981317,22.0,150,0.25,2048
427,427,0.17855331099963223,22.0,150,0.25,2048
428,428,0.0002354139996896265,23.0,150,0.25,2048
429,429,0.008508187000188627,24.0,150,0.25,2048
430,430,0.02401092299987795,18.0,150,0.5,2048
431,431,0.03935583100064832,19.0,150,0.5,2048
432,432,0.04716486200049985,20.0,150,0.5,2048
433,433,0.06244341599995096,20.0,150,0.5,2048
434,434,0.0701943370004301,22.0,150,0.5,2048
435,435,0.07804749099886976,23.0,150,0.5,2048
436,436,0.08600768699943728,23.0,150,0.5,2048
437,437,0.10141373999977077,23.0,150,0.5,2048
438,438,0.10932610599957115,23.0,150,0.5,2048
439,439,0.11720765400059463,23.0,150,0.5,2048
440,440,0.12500157599970407,23.0,150,0.5,2048
441,441,0.00023637499907636084,23.0,150,0.5,2048
442,442,0.009016944999530097,23.0,150,0.5,2048
443,443,0.025234315999114187,23.0,150,0.5,2048
444,444,0.04106769399913901,23.0,150,0.5,2048
445,445,0.04924411600040912,23.0,150,0.5,2048
446,446,0.06514316799984954,23.0,150,0.5,2048
447,447,0.0735530000001745,23.0,150,0.5,2048
448,448,0.08181577499999548,23.0,150,0.5,2048
449,449,0.09013344400045753,23.0,150,0.5,2048
450,450,0.10607200999947963,23.0,150,0.5,2048
451,451,0.11450557600073807,23.0,150,0.5,2048
452,452,0.1228332139999111,23.0,150,0.5,2048
453,453,0.13108167199970922,23.0,150,0.5,2048
454,454,0.13932983999984572,23.0,150,0.5,2048
455,455,0.1476563760006684,23.0,150,0.5,2048
456,456,0.15595343499990122,23.0,150,0.5,2048
457,457,0.16413452699998743,23.0,150,0.5,2048
458,458,0.18028103399956308,23.0,150,0.5,2048
459,459,0.18857438700069906,23.0,150,0.5,2048
460,460,0.19691863600019133,23.0,150,0.5,2048
461,461,0.2051641189991642,23.0,150,0.5,2048
462,462,0.21337086799940153,23.0,150,0.5,2048
463,463,0.2219105549993401,23.0,150,0.5,2048
464,464,0.22999835100017663,23.0,150,0.5,2048
465,465,0.23813984799926402,23.0,150,0.5,2048
466,466,0.2463433819993952,23.0,150,0.5,2048
467,467,0.2544877540003654,23.0,150,0.5,2048
468,468,0.2628095010004472,23.0,150,0.5,2048
469,469,0.27107775600052264,23.0,150,0.5,2048
470,470,0.27937707099954423,23.0,150,0.5,2048
471,471,0.2874967959996866,23.0,150,0.5,2048
472,472,0.29561269599980733,23.0,150,0.5,2048
473,473,0.3038941659997363,23.0,150,0.5,2048
474,474,0.3203163519992813,23.0,150,0.5,2048
475,475,0.32877493600062735,23.0,150,0.5,2048
476,476,0.33694359500077553,23.0,150,0.5,2048
477,477,0.34532085499995446,23.0,150,0.5,2048
478,478,0.3534701469998254,23.0,150,0.5,2048
479,479,0.36198903399963456,23.0,150,0.5,2048
480,480,0.3702148499996838,23.0,150,0.5,2048
481,481,0.3785329999991518,23.0,150,0.5,2048
482,482,0.3867774200007261,23.0,150,0.5,2048
483,483,0.39493103099994187,23.0,150,0.5,2048
484,484,0.40310385600059817,23.0,150,0.5,2048
485,485,0.4112435299994104,23.0,150,0.5,2048
486,486,0.419378044000041,19.0,200,0.05,2048
487,487,0.4276072259999637,19.0,200,0.05,2048
488,488,0.43587849799951073,19.0,200,0.05,2048
489,489,0.44413820699992357,21.0,200,0.05,2048
490,490,0.45237281899972004,21.0,200,0.05,2048
491,491,0.460575011000401,22.0,200,0.05,2048
492,492,0.4687156559994037,22.0,200,0.05,2048
493,493,0.4768765099997836,22.0,200,0.05,2048
494,494,0.4852248959996359,22.0,200,0.05,2048
495,495,0.493519321000349,22.0,200,0.05,2048
496,496,0.5017382440000802,24.0,200,0.05,2048
497,497,0.510412494000775,18.0,200,0.1,2048
498,498,0.00027078899984189775,18.0,200,0.1,2048
499,499,0.01051017600002524,19.0,200,0.1,2048
500,500,0.028622863999771653,19.0,200,0.1,2048
501,501,0.04768986899944139,21.0,200,0.1,2048
502,502,0.05868140200072958,22.0,200,0.1,2048
503,503,0.07741070100018987,22.0,200,0.1,2048
504,504,0.08732842199970037,22.0,200,0.1,2048
505,505,0.09720962400024291,22.0,200,0.1,2048
506,506,0.10715130000062345,23.0,200,0.1,2048
507,507,0.12581254200085823,23.0,200,0.1,2048
508,508,0.1360307790000661,23.0,200,0.1,2048
509,509,0.14608068800043839,23.0,200,0.1,2048
510,510,0.00029506600003514905,23.0,200,0.1,2048
511,511,0.010694141999920248,23.0,200,0.1,2048
512,512,0.030329627999890363,24.0,200,0.1,2048
513,513,0.049383478000891046,19.0,200,0.25,2048
514,514,0.05950605500038364,19.0,200,0.25,2048
515,515,0.07876201600083732,20.0,200,0.25,2048
516,516,0.08896333000120649,20.0,200,0.25,2048
517,517,0.09919114600052126,21.0,200,0.25,2048
518,518,0.10940376100006688,21.0,200,0.25,2048
519,519,0.12862151999979687,21.0,200,0.25,2048
520,520,0.13908141200045065,22.0,200,0.25,2048
521,521,0.14946030100145435,22.0,200,0.25,2048
522,522,0.15958422100084135,22.0,200,0.25,2048
523,523,0.1699447950013564,22.0,200,0.25,2048
524,524,0.18028453100123443,22.0,200,0.25,2048
525,525,0.1904579130005004,22.0,200,0.25,2048
526,526,0.2007405109998217,22.0,200,0.25,2048
527,527,0.0002789250011119293,23.0,200,0.25,2048
528,528,0.011322987000312423,23.0,200,0.25,2048
529,529,0.030806266000581672,23.0,200,0.25,2048
530,530,0.0513530370008084,23.0,200,0.25,2048
531,531,0.06206397100140748,23.0,200,0.25,2048
532,532,0.0839256880008179,23.0,200,0.25,2048
533,533,0.09441991400126426,23.0,200,0.25,2048
534,534,0.1050662560010096,24.0,200,0.25,2048
535,535,0.11570464500073285,18.0,200,0.5,2048
536,536,0.1357424270008778,18.0,200,0.5,2048
537,537,0.14634089900027902,19.0,200,0.5,2048
538,538,0.1571172670010128,19.0,200,0.5,2048
539,539,0.16756268100107263,21.0,200,0.5,2048
540,540,0.1781769940007507,21.0,200,0.5,2048
541,541,0.18877797100140015,22.0,200,0.5,2048
542,542,0.19914590000007593,22.0,200,0.5,2048
543,543,0.20958224700007122,22.0,200,0.5,2048
544,544,0.2292317589999584,22.0,200,0.5,2048
545,545,0.2397284300004685,22.0,200,0.5,2048
546,546,0.25016025800141506,22.0,200,0.5,2048
547,547,0.2607193069998175,23.0,200,0.5,2048
548,548,0.2711220710007183,23.0,200,0.5,2048
549,549,0.2815521970005648,23.0,200,0.5,2048
550,550,0.00029137899946363177,23.0,200,0.5,2048
551,551,0.011693964999722084,23.0,200,0.5,2048
552,552,0.03275901199958753,23.0,200,0.5,2048
553,553,0.05529113100055838,24.0,200,0.5,2048
